yardline_100,ydstogo,decision,prob
1,1,field_goal,0.1493212669683258
1,1,go_for_it,0.8506787330316742
1,6,go_for_it,1
2,1,field_goal,0.1891891891891892
2,1,go_for_it,0.8108108108108109
2,2,field_goal,0.5555555555555556
2,2,go_for_it,0.4444444444444444
3,1,field_goal,0.10416666666666667
3,1,go_for_it,0.8958333333333334
3,2,field_goal,0.5666666666666667
3,2,go_for_it,0.43333333333333335
3,3,field_goal,0.7224199288256228
3,3,go_for_it,0.2775800711743772
4,1,field_goal,0.17391304347826086
4,1,go_for_it,0.8260869565217391
4,2,field_goal,0.5128205128205128
4,2,go_for_it,0.48717948717948717
4,3,field_goal,0.696969696969697
4,3,go_for_it,0.30303030303030304
4,4,field_goal,0.7617021276595745
4,4,go_for_it,0.23829787234042554
5,1,field_goal,0.2033898305084746
5,1,go_for_it,0.7966101694915254
5,2,field_goal,0.6071428571428571
5,2,go_for_it,0.39285714285714285
5,3,field_goal,0.7692307692307693
5,3,go_for_it,0.23076923076923078
5,4,field_goal,0.8571428571428571
5,4,go_for_it,0.14285714285714285
5,5,field_goal,0.8487394957983193
5,5,go_for_it,0.15126050420168066
6,1,field_goal,0.275
6,1,go_for_it,0.725
6,2,field_goal,0.5588235294117647
6,2,go_for_it,0.4411764705882353
6,3,field_goal,0.5714285714285714
6,3,go_for_it,0.42857142857142855
6,4,field_goal,0.7391304347826086
6,4,go_for_it,0.2608695652173913
6,5,field_goal,0.9
6,5,go_for_it,0.1
6,6,field_goal,0.7861271676300579
6,6,go_for_it,0.2138728323699422
7,1,field_goal,0.27906976744186046
7,1,go_for_it,0.7209302325581395
7,2,field_goal,0.5
7,2,go_for_it,0.5
7,3,field_goal,0.8
7,3,go_for_it,0.2
7,4,field_goal,0.7241379310344828
7,4,go_for_it,0.27586206896551724
7,5,field_goal,0.8636363636363636
7,5,go_for_it,0.13636363636363635
7,6,field_goal,0.8518518518518519
7,6,go_for_it,0.14814814814814814
7,7,field_goal,0.852760736196319
7,7,go_for_it,0.147239263803681
8,1,field_goal,0.36666666666666664
8,1,go_for_it,0.6333333333333333
8,2,field_goal,0.5333333333333333
8,2,go_for_it,0.4666666666666667
8,3,field_goal,0.75
8,3,go_for_it,0.25
8,4,field_goal,0.782608695652174
8,4,go_for_it,0.21739130434782608
8,5,field_goal,0.8108108108108109
8,5,go_for_it,0.1891891891891892
8,6,field_goal,0.8421052631578947
8,6,go_for_it,0.15789473684210525
8,7,field_goal,0.8611111111111112
8,7,go_for_it,0.1388888888888889
8,8,field_goal,0.890625
8,8,go_for_it,0.109375
9,1,field_goal,0.36363636363636365
9,1,go_for_it,0.6363636363636364
9,2,field_goal,0.5714285714285714
9,2,go_for_it,0.42857142857142855
9,3,field_goal,0.6666666666666666
9,3,go_for_it,0.3333333333333333
9,4,field_goal,0.7777777777777778
9,4,go_for_it,0.2222222222222222
9,5,field_goal,0.7894736842105263
9,5,go_for_it,0.21052631578947367
9,6,field_goal,1
9,7,field_goal,1
9,8,field_goal,0.9047619047619048
9,8,go_for_it,0.09523809523809523
9,9,field_goal,0.8956521739130435
9,9,go_for_it,0.10434782608695652
10,1,field_goal,0.24444444444444444
10,1,go_for_it,0.7555555555555555
10,2,field_goal,0.5555555555555556
10,2,go_for_it,0.4444444444444444
10,3,field_goal,0.8888888888888888
10,3,go_for_it,0.1111111111111111
10,4,field_goal,0.8387096774193549
10,4,go_for_it,0.16129032258064516
10,5,field_goal,0.8285714285714286
10,5,go_for_it,0.17142857142857143
10,6,field_goal,0.9615384615384616
10,6,go_for_it,0.038461538461538464
10,7,field_goal,0.84375
10,7,go_for_it,0.15625
10,8,field_goal,0.9354838709677419
10,8,go_for_it,0.06451612903225806
10,9,field_goal,0.9375
10,9,go_for_it,0.0625
10,10,field_goal,0.9259259259259259
10,10,go_for_it,0.07407407407407407
11,1,field_goal,0.35294117647058826
11,1,go_for_it,0.6470588235294118
11,2,field_goal,0.56
11,2,go_for_it,0.44
11,3,field_goal,0.8
11,3,go_for_it,0.2
11,4,field_goal,0.8181818181818182
11,4,go_for_it,0.18181818181818182
11,5,field_goal,0.88
11,5,go_for_it,0.12
11,6,field_goal,0.8148148148148148
11,6,go_for_it,0.18518518518518517
11,7,field_goal,0.96875
11,7,go_for_it,0.03125
11,8,field_goal,0.875
11,8,go_for_it,0.125
11,9,field_goal,0.8620689655172413
11,9,go_for_it,0.13793103448275862
11,10,field_goal,0.8444444444444444
11,10,go_for_it,0.15555555555555556
11,11,field_goal,0.8831168831168831
11,11,go_for_it,0.11688311688311688
12,1,field_goal,0.4
12,1,go_for_it,0.6
12,2,field_goal,0.6538461538461539
12,2,go_for_it,0.34615384615384615
12,3,field_goal,0.7428571428571429
12,3,go_for_it,0.2571428571428571
12,4,field_goal,0.6956521739130435
12,4,go_for_it,0.30434782608695654
12,5,field_goal,0.8571428571428571
12,5,go_for_it,0.14285714285714285
12,6,field_goal,0.8857142857142857
12,6,go_for_it,0.11428571428571428
12,7,field_goal,0.8571428571428571
12,7,go_for_it,0.14285714285714285
12,8,field_goal,0.8947368421052632
12,8,go_for_it,0.10526315789473684
12,9,field_goal,1
12,10,field_goal,0.8148148148148148
12,10,go_for_it,0.18518518518518517
12,11,field_goal,0.9230769230769231
12,11,go_for_it,0.07692307692307693
12,12,field_goal,0.85
12,12,go_for_it,0.15
13,1,field_goal,0.225
13,1,go_for_it,0.775
13,2,field_goal,0.625
13,2,go_for_it,0.375
13,3,field_goal,0.7073170731707317
13,3,go_for_it,0.2926829268292683
13,4,field_goal,0.71875
13,4,go_for_it,0.28125
13,5,field_goal,0.7631578947368421
13,5,go_for_it,0.23684210526315788
13,6,field_goal,0.8846153846153846
13,6,go_for_it,0.11538461538461539
13,7,field_goal,0.9354838709677419
13,7,go_for_it,0.06451612903225806
13,8,field_goal,0.9444444444444444
13,8,go_for_it,0.05555555555555555
13,9,field_goal,0.9565217391304348
13,9,go_for_it,0.043478260869565216
13,10,field_goal,0.8421052631578947
13,10,go_for_it,0.15789473684210525
13,11,field_goal,0.8571428571428571
13,11,go_for_it,0.14285714285714285
13,12,field_goal,1
13,13,field_goal,0.8813559322033898
13,13,go_for_it,0.11864406779661017
14,1,field_goal,0.15
14,1,go_for_it,0.85
14,2,field_goal,0.5833333333333334
14,2,go_for_it,0.4166666666666667
14,3,field_goal,0.8461538461538461
14,3,go_for_it,0.15384615384615385
14,4,field_goal,0.8484848484848485
14,4,go_for_it,0.15151515151515152
14,5,field_goal,0.7777777777777778
14,5,go_for_it,0.2222222222222222
14,6,field_goal,0.782608695652174
14,6,go_for_it,0.21739130434782608
14,7,field_goal,0.8928571428571429
14,7,go_for_it,0.10714285714285714
14,8,field_goal,0.9523809523809523
14,8,go_for_it,0.047619047619047616
14,9,field_goal,0.9523809523809523
14,9,go_for_it,0.047619047619047616
14,10,field_goal,0.7666666666666667
14,10,go_for_it,0.23333333333333334
14,11,field_goal,0.9166666666666666
14,11,go_for_it,0.08333333333333333
14,12,field_goal,1
14,13,field_goal,1
14,14,field_goal,0.8297872340425532
14,14,go_for_it,0.1702127659574468
15,1,field_goal,0.2962962962962963
15,1,go_for_it,0.7037037037037037
15,2,field_goal,0.6470588235294118
15,2,go_for_it,0.35294117647058826
15,3,field_goal,0.7391304347826086
15,3,go_for_it,0.2608695652173913
15,4,field_goal,0.8571428571428571
15,4,go_for_it,0.14285714285714285
15,5,field_goal,0.8
15,5,go_for_it,0.2
15,6,field_goal,0.8888888888888888
15,6,go_for_it,0.1111111111111111
15,7,field_goal,0.9615384615384616
15,7,go_for_it,0.038461538461538464
15,8,field_goal,0.9642857142857143
15,8,go_for_it,0.03571428571428571
15,9,field_goal,0.9473684210526315
15,9,go_for_it,0.05263157894736842
15,10,field_goal,0.8809523809523809
15,10,go_for_it,0.11904761904761904
15,11,field_goal,0.85
15,11,go_for_it,0.15
15,12,field_goal,0.8666666666666667
15,12,go_for_it,0.13333333333333333
15,13,field_goal,1
15,14,field_goal,0.875
15,14,go_for_it,0.125
15,15,field_goal,0.8775510204081632
15,15,go_for_it,0.12244897959183673
16,1,field_goal,0.175
16,1,go_for_it,0.825
16,2,field_goal,0.6153846153846154
16,2,go_for_it,0.38461538461538464
16,3,field_goal,0.875
16,3,go_for_it,0.125
16,4,field_goal,0.7083333333333334
16,4,go_for_it,0.2916666666666667
16,5,field_goal,0.8918918918918919
16,5,go_for_it,0.10810810810810811
16,6,field_goal,0.9387755102040817
16,6,go_for_it,0.061224489795918366
16,7,field_goal,0.8333333333333334
16,7,go_for_it,0.16666666666666666
16,8,field_goal,0.8260869565217391
16,8,go_for_it,0.17391304347826086
16,9,field_goal,0.8666666666666667
16,9,go_for_it,0.13333333333333333
16,10,field_goal,0.9310344827586207
16,10,go_for_it,0.06896551724137931
16,11,field_goal,1
16,12,field_goal,0.8
16,12,go_for_it,0.2
16,13,field_goal,0.8333333333333334
16,13,go_for_it,0.16666666666666666
16,14,field_goal,0.9090909090909091
16,14,go_for_it,0.09090909090909091
16,15,field_goal,0.8461538461538461
16,15,go_for_it,0.15384615384615385
16,16,field_goal,0.9111111111111111
16,16,go_for_it,0.08888888888888889
17,1,field_goal,0.3541666666666667
17,1,go_for_it,0.6458333333333334
17,2,field_goal,0.7586206896551724
17,2,go_for_it,0.2413793103448276
17,3,field_goal,0.7222222222222222
17,3,go_for_it,0.2777777777777778
17,4,field_goal,0.8275862068965517
17,4,go_for_it,0.1724137931034483
17,5,field_goal,0.7419354838709677
17,5,go_for_it,0.25806451612903225
17,6,field_goal,0.95
17,6,go_for_it,0.05
17,7,field_goal,0.9444444444444444
17,7,go_for_it,0.05555555555555555
17,8,field_goal,0.9
17,8,go_for_it,0.1
17,9,field_goal,0.9310344827586207
17,9,go_for_it,0.06896551724137931
17,10,field_goal,0.8064516129032258
17,10,go_for_it,0.1935483870967742
17,11,field_goal,1
17,12,field_goal,0.875
17,12,go_for_it,0.125
17,13,field_goal,0.9230769230769231
17,13,go_for_it,0.07692307692307693
17,14,field_goal,1
17,15,field_goal,0.9090909090909091
17,15,go_for_it,0.09090909090909091
17,16,field_goal,1
17,17,field_goal,0.8
17,17,go_for_it,0.2
18,1,field_goal,0.3333333333333333
18,1,go_for_it,0.6666666666666666
18,2,field_goal,0.5789473684210527
18,2,go_for_it,0.42105263157894735
18,3,field_goal,0.8378378378378378
18,3,go_for_it,0.16216216216216217
18,4,field_goal,0.7777777777777778
18,4,go_for_it,0.2222222222222222
18,5,field_goal,0.7419354838709677
18,5,go_for_it,0.25806451612903225
18,6,field_goal,0.9259259259259259
18,6,go_for_it,0.07407407407407407
18,7,field_goal,0.8947368421052632
18,7,go_for_it,0.10526315789473684
18,8,field_goal,1
18,9,field_goal,0.8823529411764706
18,9,go_for_it,0.11764705882352941
18,10,field_goal,0.9090909090909091
18,10,go_for_it,0.09090909090909091
18,11,field_goal,0.8888888888888888
18,11,go_for_it,0.1111111111111111
18,12,field_goal,0.8571428571428571
18,12,go_for_it,0.14285714285714285
18,13,field_goal,0.9285714285714286
18,13,go_for_it,0.07142857142857142
18,14,field_goal,0.8461538461538461
18,14,go_for_it,0.15384615384615385
18,15,field_goal,1
18,16,field_goal,0.8
18,16,go_for_it,0.2
18,17,field_goal,1
18,18,field_goal,0.8695652173913043
18,18,go_for_it,0.13043478260869565
19,1,field_goal,0.2553191489361702
19,1,go_for_it,0.7446808510638298
19,2,field_goal,0.7142857142857143
19,2,go_for_it,0.2857142857142857
19,3,field_goal,0.8571428571428571
19,3,go_for_it,0.14285714285714285
19,4,field_goal,0.8333333333333334
19,4,go_for_it,0.16666666666666666
19,5,field_goal,0.9512195121951219
19,5,go_for_it,0.04878048780487805
19,6,field_goal,0.8181818181818182
19,6,go_for_it,0.18181818181818182
19,7,field_goal,0.7692307692307693
19,7,go_for_it,0.23076923076923078
19,8,field_goal,0.9375
19,8,go_for_it,0.0625
19,9,field_goal,1
19,10,field_goal,0.8214285714285714
19,10,go_for_it,0.17857142857142858
19,11,field_goal,1
19,12,field_goal,0.9230769230769231
19,12,go_for_it,0.07692307692307693
19,13,field_goal,1
19,14,field_goal,1
19,15,field_goal,1
19,16,field_goal,1
19,17,field_goal,1
19,18,field_goal,1
19,19,field_goal,0.875
19,19,go_for_it,0.125
20,1,field_goal,0.44
20,1,go_for_it,0.56
20,2,field_goal,0.4482758620689655
20,2,go_for_it,0.5517241379310345
20,3,field_goal,0.9655172413793104
20,3,go_for_it,0.034482758620689655
20,4,field_goal,0.8666666666666667
20,4,go_for_it,0.13333333333333333
20,5,field_goal,0.8717948717948718
20,5,go_for_it,0.1282051282051282
20,6,field_goal,0.8163265306122449
20,6,go_for_it,0.1836734693877551
20,7,field_goal,0.9230769230769231
20,7,go_for_it,0.07692307692307693
20,8,field_goal,0.96875
20,8,go_for_it,0.03125
20,9,field_goal,0.8666666666666667
20,9,go_for_it,0.13333333333333333
20,10,field_goal,0.8125
20,10,go_for_it,0.1875
20,11,field_goal,0.8571428571428571
20,11,go_for_it,0.14285714285714285
20,12,field_goal,0.9230769230769231
20,12,go_for_it,0.07692307692307693
20,13,field_goal,1
20,14,field_goal,1
20,15,field_goal,1
20,16,field_goal,0.9166666666666666
20,16,go_for_it,0.08333333333333333
20,17,field_goal,1
20,18,field_goal,1
20,19,field_goal,0.3333333333333333
20,19,go_for_it,0.6666666666666666
20,20,field_goal,0.875
20,20,go_for_it,0.125
21,1,field_goal,0.20930232558139536
21,1,go_for_it,0.7906976744186046
21,2,field_goal,0.90625
21,2,go_for_it,0.09375
21,3,field_goal,0.7666666666666667
21,3,go_for_it,0.23333333333333334
21,4,field_goal,0.7692307692307693
21,4,go_for_it,0.23076923076923078
21,5,field_goal,0.8095238095238095
21,5,go_for_it,0.19047619047619047
21,6,field_goal,0.9259259259259259
21,6,go_for_it,0.07407407407407407
21,7,field_goal,0.7647058823529411
21,7,go_for_it,0.23529411764705882
21,8,field_goal,0.9333333333333333
21,8,go_for_it,0.06666666666666667
21,9,field_goal,0.9130434782608695
21,9,go_for_it,0.08695652173913043
21,10,field_goal,0.8387096774193549
21,10,go_for_it,0.16129032258064516
21,11,field_goal,0.8333333333333334
21,11,go_for_it,0.16666666666666666
21,12,field_goal,1
21,13,field_goal,1
21,14,field_goal,1
21,15,field_goal,0.6666666666666666
21,15,go_for_it,0.3333333333333333
21,16,field_goal,0.8571428571428571
21,16,go_for_it,0.14285714285714285
21,17,field_goal,1
21,18,field_goal,1
21,19,field_goal,1
21,20,field_goal,1
21,21,field_goal,0.8571428571428571
21,21,go_for_it,0.14285714285714285
22,1,field_goal,0.3125
22,1,go_for_it,0.6875
22,2,field_goal,0.8620689655172413
22,2,go_for_it,0.13793103448275862
22,3,field_goal,0.7391304347826086
22,3,go_for_it,0.2608695652173913
22,4,field_goal,0.8235294117647058
22,4,go_for_it,0.17647058823529413
22,5,field_goal,0.8125
22,5,go_for_it,0.1875
22,6,field_goal,0.88
22,6,go_for_it,0.12
22,7,field_goal,0.8620689655172413
22,7,go_for_it,0.13793103448275862
22,8,field_goal,0.8387096774193549
22,8,go_for_it,0.16129032258064516
22,9,field_goal,0.9090909090909091
22,9,go_for_it,0.09090909090909091
22,10,field_goal,0.8857142857142857
22,10,go_for_it,0.11428571428571428
22,11,field_goal,0.9230769230769231
22,11,go_for_it,0.07692307692307693
22,12,field_goal,0.9166666666666666
22,12,go_for_it,0.08333333333333333
22,13,field_goal,0.8571428571428571
22,13,go_for_it,0.14285714285714285
22,14,field_goal,0.8571428571428571
22,14,go_for_it,0.14285714285714285
22,15,field_goal,0.9230769230769231
22,15,go_for_it,0.07692307692307693
22,16,field_goal,0.8
22,16,go_for_it,0.2
22,17,field_goal,1
22,18,field_goal,0.75
22,18,go_for_it,0.25
22,19,field_goal,1
22,20,field_goal,1
22,21,field_goal,0.6666666666666666
22,21,go_for_it,0.3333333333333333
22,22,field_goal,1
23,1,field_goal,0.37777777777777777
23,1,go_for_it,0.6222222222222222
23,2,field_goal,0.5757575757575758
23,2,go_for_it,0.42424242424242425
23,3,field_goal,0.6896551724137931
23,3,go_for_it,0.3103448275862069
23,4,field_goal,0.8214285714285714
23,4,go_for_it,0.17857142857142858
23,5,field_goal,0.9444444444444444
23,5,go_for_it,0.05555555555555555
23,6,field_goal,1
23,7,field_goal,0.9411764705882353
23,7,go_for_it,0.058823529411764705
23,8,field_goal,0.8484848484848485
23,8,go_for_it,0.15151515151515152
23,9,field_goal,1
23,10,field_goal,0.7878787878787878
23,10,go_for_it,0.21212121212121213
23,11,field_goal,0.9090909090909091
23,11,go_for_it,0.09090909090909091
23,12,field_goal,1
23,13,field_goal,1
23,14,field_goal,0.9
23,14,go_for_it,0.1
23,15,field_goal,0.8
23,15,go_for_it,0.2
23,16,field_goal,0.625
23,16,go_for_it,0.375
23,17,field_goal,1
23,18,field_goal,0.6666666666666666
23,18,go_for_it,0.3333333333333333
23,19,field_goal,1
23,20,field_goal,1
23,21,field_goal,0.8
23,21,go_for_it,0.2
23,22,field_goal,0.8
23,22,go_for_it,0.2
23,23,field_goal,0.8
23,23,go_for_it,0.2
24,1,field_goal,0.21951219512195122
24,1,go_for_it,0.7804878048780488
24,2,field_goal,0.7352941176470589
24,2,go_for_it,0.2647058823529412
24,3,field_goal,0.8
24,3,go_for_it,0.2
24,4,field_goal,0.84375
24,4,go_for_it,0.15625
24,5,field_goal,0.9142857142857143
24,5,go_for_it,0.08571428571428572
24,6,field_goal,0.8695652173913043
24,6,go_for_it,0.13043478260869565
24,7,field_goal,0.8148148148148148
24,7,go_for_it,0.18518518518518517
24,8,field_goal,0.8275862068965517
24,8,go_for_it,0.1724137931034483
24,9,field_goal,0.782608695652174
24,9,go_for_it,0.21739130434782608
24,10,field_goal,0.6666666666666666
24,10,go_for_it,0.3333333333333333
24,11,field_goal,0.7272727272727273
24,11,go_for_it,0.2727272727272727
24,12,field_goal,0.8333333333333334
24,12,go_for_it,0.16666666666666666
24,13,field_goal,1
24,14,field_goal,1
24,15,field_goal,1
24,16,field_goal,1
24,17,field_goal,0.8888888888888888
24,17,go_for_it,0.1111111111111111
24,18,field_goal,1
24,19,field_goal,1
24,20,field_goal,1
24,21,field_goal,1
24,22,field_goal,1
24,23,field_goal,1
24,24,field_goal,1
25,1,field_goal,0.22641509433962265
25,1,go_for_it,0.7735849056603774
25,2,field_goal,0.6744186046511628
25,2,go_for_it,0.32558139534883723
25,3,field_goal,0.6060606060606061
25,3,go_for_it,0.3939393939393939
25,4,field_goal,0.7837837837837838
25,4,go_for_it,0.21621621621621623
25,5,field_goal,0.7948717948717948
25,5,go_for_it,0.20512820512820512
25,6,field_goal,0.8928571428571429
25,6,go_for_it,0.10714285714285714
25,7,field_goal,0.9230769230769231
25,7,go_for_it,0.07692307692307693
25,8,field_goal,0.9259259259259259
25,8,go_for_it,0.07407407407407407
25,9,field_goal,0.9473684210526315
25,9,go_for_it,0.05263157894736842
25,10,field_goal,0.90625
25,10,go_for_it,0.09375
25,11,field_goal,0.8
25,11,go_for_it,0.2
25,12,field_goal,0.875
25,12,go_for_it,0.125
25,13,field_goal,0.8666666666666667
25,13,go_for_it,0.13333333333333333
25,14,field_goal,0.8333333333333334
25,14,go_for_it,0.16666666666666666
25,15,field_goal,1
25,16,field_goal,1
25,17,field_goal,1
25,18,field_goal,0.5
25,18,go_for_it,0.5
25,19,field_goal,1
25,20,field_goal,1
25,21,field_goal,1
25,22,go_for_it,1
25,23,field_goal,1
25,24,field_goal,1
25,25,field_goal,0.5
25,25,go_for_it,0.5
26,1,field_goal,0.3181818181818182
26,1,go_for_it,0.6818181818181818
26,2,field_goal,0.5666666666666667
26,2,go_for_it,0.43333333333333335
26,3,field_goal,0.7142857142857143
26,3,go_for_it,0.2857142857142857
26,4,field_goal,0.8148148148148148
26,4,go_for_it,0.18518518518518517
26,5,field_goal,0.84375
26,5,go_for_it,0.15625
26,6,field_goal,0.8947368421052632
26,6,go_for_it,0.10526315789473684
26,7,field_goal,0.967741935483871
26,7,go_for_it,0.03225806451612903
26,8,field_goal,1
26,9,field_goal,0.9230769230769231
26,9,go_for_it,0.07692307692307693
26,10,field_goal,0.6551724137931034
26,10,go_for_it,0.3448275862068966
26,11,field_goal,0.9
26,11,go_for_it,0.1
26,12,field_goal,0.8947368421052632
26,12,go_for_it,0.10526315789473684
26,13,field_goal,1
26,14,field_goal,0.8
26,14,go_for_it,0.2
26,15,field_goal,0.9090909090909091
26,15,go_for_it,0.09090909090909091
26,16,field_goal,1
26,17,field_goal,1
26,18,field_goal,1
26,19,field_goal,1
26,20,field_goal,1
26,21,field_goal,1
26,22,field_goal,0.5
26,22,go_for_it,0.5
26,23,field_goal,1
26,26,field_goal,1
27,1,field_goal,0.24074074074074073
27,1,go_for_it,0.7592592592592593
27,2,field_goal,0.5428571428571428
27,2,go_for_it,0.45714285714285713
27,3,field_goal,0.875
27,3,go_for_it,0.125
27,4,field_goal,0.875
27,4,go_for_it,0.125
27,5,field_goal,0.782608695652174
27,5,go_for_it,0.21739130434782608
27,6,field_goal,0.9642857142857143
27,6,go_for_it,0.03571428571428571
27,7,field_goal,0.9285714285714286
27,7,go_for_it,0.07142857142857142
27,8,field_goal,0.8378378378378378
27,8,go_for_it,0.16216216216216217
27,9,field_goal,0.9047619047619048
27,9,go_for_it,0.09523809523809523
27,10,field_goal,0.8076923076923077
27,10,go_for_it,0.19230769230769232
27,11,field_goal,0.9411764705882353
27,11,go_for_it,0.058823529411764705
27,12,field_goal,0.9444444444444444
27,12,go_for_it,0.05555555555555555
27,13,field_goal,0.7272727272727273
27,13,go_for_it,0.2727272727272727
27,14,field_goal,0.6666666666666666
27,14,go_for_it,0.3333333333333333
27,15,field_goal,1
27,16,field_goal,0.8333333333333334
27,16,go_for_it,0.16666666666666666
27,17,field_goal,1
27,18,field_goal,1
27,19,field_goal,0.75
27,19,go_for_it,0.25
27,20,field_goal,0.8
27,20,go_for_it,0.2
27,21,field_goal,0.8
27,21,go_for_it,0.2
27,22,field_goal,1
27,23,field_goal,0.5
27,23,go_for_it,0.5
27,25,field_goal,1
27,26,go_for_it,1
27,27,field_goal,1
28,1,field_goal,0.2
28,1,go_for_it,0.8
28,2,field_goal,0.5227272727272727
28,2,go_for_it,0.4772727272727273
28,3,field_goal,0.6774193548387096
28,3,go_for_it,0.3225806451612903
28,4,field_goal,0.7073170731707317
28,4,go_for_it,0.2682926829268293
28,4,punt,0.024390243902439025
28,5,field_goal,0.8888888888888888
28,5,go_for_it,0.1111111111111111
28,6,field_goal,0.8529411764705882
28,6,go_for_it,0.14705882352941177
28,7,field_goal,0.8611111111111112
28,7,go_for_it,0.1388888888888889
28,8,field_goal,0.8846153846153846
28,8,go_for_it,0.11538461538461539
28,9,field_goal,0.9565217391304348
28,9,go_for_it,0.043478260869565216
28,10,field_goal,0.75
28,10,go_for_it,0.25
28,11,field_goal,0.8888888888888888
28,11,go_for_it,0.1111111111111111
28,12,field_goal,0.8
28,12,go_for_it,0.2
28,13,field_goal,0.6666666666666666
28,13,go_for_it,0.3333333333333333
28,14,field_goal,0.8
28,14,go_for_it,0.2
28,15,field_goal,1
28,16,field_goal,1
28,17,field_goal,0.8
28,17,go_for_it,0.2
28,18,field_goal,0.8333333333333334
28,18,go_for_it,0.16666666666666666
28,19,field_goal,1
28,20,field_goal,0.6666666666666666
28,20,go_for_it,0.3333333333333333
28,21,field_goal,1
28,22,field_goal,0.75
28,22,go_for_it,0.25
28,23,field_goal,1
28,25,field_goal,1
28,28,field_goal,1
29,1,field_goal,0.2916666666666667
29,1,go_for_it,0.7083333333333334
29,2,field_goal,0.5526315789473685
29,2,go_for_it,0.4473684210526316
29,3,field_goal,0.8918918918918919
29,3,go_for_it,0.10810810810810811
29,4,field_goal,0.6956521739130435
29,4,go_for_it,0.30434782608695654
29,5,field_goal,0.75
29,5,go_for_it,0.25
29,6,field_goal,0.7666666666666667
29,6,go_for_it,0.23333333333333334
29,7,field_goal,0.7
29,7,go_for_it,0.3
29,8,field_goal,0.8571428571428571
29,8,go_for_it,0.14285714285714285
29,9,field_goal,0.8421052631578947
29,9,go_for_it,0.15789473684210525
29,10,field_goal,0.868421052631579
29,10,go_for_it,0.13157894736842105
29,11,field_goal,0.7647058823529411
29,11,go_for_it,0.23529411764705882
29,12,field_goal,0.7692307692307693
29,12,go_for_it,0.23076923076923078
29,13,field_goal,1
29,14,field_goal,1
29,15,field_goal,1
29,16,field_goal,1
29,17,field_goal,0.75
29,17,go_for_it,0.25
29,18,field_goal,1
29,19,field_goal,1
29,20,field_goal,1
29,22,field_goal,1
29,24,field_goal,1
29,25,field_goal,1
29,27,field_goal,1
29,28,field_goal,1
29,29,field_goal,1
30,1,field_goal,0.2
30,1,go_for_it,0.8
30,2,field_goal,0.6097560975609756
30,2,go_for_it,0.3902439024390244
30,3,field_goal,0.7619047619047619
30,3,go_for_it,0.23809523809523808
30,4,field_goal,0.7317073170731707
30,4,go_for_it,0.2682926829268293
30,5,field_goal,0.8536585365853658
30,5,go_for_it,0.14634146341463414
30,6,field_goal,0.9318181818181818
30,6,go_for_it,0.06818181818181818
30,7,field_goal,0.8484848484848485
30,7,go_for_it,0.15151515151515152
30,8,field_goal,0.8461538461538461
30,8,go_for_it,0.15384615384615385
30,9,field_goal,0.9333333333333333
30,9,go_for_it,0.06666666666666667
30,10,field_goal,0.8378378378378378
30,10,go_for_it,0.16216216216216217
30,11,field_goal,0.875
30,11,go_for_it,0.0625
30,11,punt,0.0625
30,12,field_goal,0.9166666666666666
30,12,go_for_it,0.08333333333333333
30,13,field_goal,0.5454545454545454
30,13,go_for_it,0.36363636363636365
30,13,punt,0.09090909090909091
30,14,field_goal,0.9
30,14,go_for_it,0.1
30,15,field_goal,0.9230769230769231
30,15,go_for_it,0.07692307692307693
30,16,field_goal,0.9
30,16,go_for_it,0.1
30,17,field_goal,1
30,18,field_goal,1
30,19,field_goal,1
30,20,field_goal,0.875
30,20,go_for_it,0.125
30,21,field_goal,1
30,22,field_goal,1
30,23,field_goal,0.5
30,23,go_for_it,0.5
30,24,field_goal,0.6666666666666666
30,24,go_for_it,0.3333333333333333
30,26,field_goal,0.3333333333333333
30,26,go_for_it,0.3333333333333333
30,26,punt,0.3333333333333333
30,29,field_goal,1
31,1,field_goal,0.22033898305084745
31,1,go_for_it,0.7796610169491526
31,2,field_goal,0.6428571428571429
31,2,go_for_it,0.35714285714285715
31,3,field_goal,0.5454545454545454
31,3,go_for_it,0.45454545454545453
31,4,field_goal,0.8518518518518519
31,4,go_for_it,0.14814814814814814
31,5,field_goal,0.8571428571428571
31,5,go_for_it,0.14285714285714285
31,6,field_goal,0.918918918918919
31,6,go_for_it,0.08108108108108109
31,7,field_goal,0.7857142857142857
31,7,go_for_it,0.21428571428571427
31,8,field_goal,1
31,9,field_goal,0.8064516129032258
31,9,go_for_it,0.16129032258064516
31,9,punt,0.03225806451612903
31,10,field_goal,0.7368421052631579
31,10,go_for_it,0.2631578947368421
31,11,field_goal,0.8125
31,11,go_for_it,0.1875
31,12,field_goal,1
31,13,field_goal,0.9
31,13,go_for_it,0.1
31,14,field_goal,0.8
31,14,go_for_it,0.2
31,15,field_goal,0.9230769230769231
31,15,punt,0.07692307692307693
31,16,field_goal,0.6
31,16,go_for_it,0.4
31,17,field_goal,1
31,18,field_goal,1
31,19,field_goal,0.5
31,19,go_for_it,0.5
31,20,field_goal,1
31,21,field_goal,0.6666666666666666
31,21,go_for_it,0.3333333333333333
31,22,field_goal,1
31,23,field_goal,1
31,24,field_goal,0.6666666666666666
31,24,go_for_it,0.3333333333333333
31,25,field_goal,1
31,29,field_goal,1
31,30,field_goal,1
32,1,field_goal,0.1956521739130435
32,1,go_for_it,0.8043478260869565
32,2,field_goal,0.6190476190476191
32,2,go_for_it,0.38095238095238093
32,3,field_goal,0.625
32,3,go_for_it,0.375
32,4,field_goal,0.5428571428571428
32,4,go_for_it,0.45714285714285713
32,5,field_goal,0.5853658536585366
32,5,go_for_it,0.36585365853658536
32,5,punt,0.04878048780487805
32,6,field_goal,0.8
32,6,go_for_it,0.2
32,7,field_goal,0.868421052631579
32,7,go_for_it,0.10526315789473684
32,7,punt,0.02631578947368421
32,8,field_goal,0.9117647058823529
32,8,go_for_it,0.08823529411764706
32,9,field_goal,0.8333333333333334
32,9,go_for_it,0.16666666666666666
32,10,field_goal,0.8
32,10,go_for_it,0.2
32,11,field_goal,0.8125
32,11,go_for_it,0.1875
32,12,field_goal,1
32,13,field_goal,0.9166666666666666
32,13,go_for_it,0.08333333333333333
32,14,field_goal,0.7272727272727273
32,14,go_for_it,0.2727272727272727
32,15,field_goal,0.8181818181818182
32,15,go_for_it,0.18181818181818182
32,16,field_goal,1
32,17,field_goal,0.75
32,17,go_for_it,0.25
32,18,field_goal,0.8
32,18,go_for_it,0.2
32,19,field_goal,1
32,20,field_goal,1
32,21,field_goal,1
32,22,field_goal,0.5
32,22,go_for_it,0.5
32,26,field_goal,1
33,1,field_goal,0.2037037037037037
33,1,go_for_it,0.7962962962962963
33,2,field_goal,0.5333333333333333
33,2,go_for_it,0.43333333333333335
33,2,punt,0.03333333333333333
33,3,field_goal,0.6571428571428571
33,3,go_for_it,0.34285714285714286
33,4,field_goal,0.68
33,4,go_for_it,0.32
33,5,field_goal,0.6857142857142857
33,5,go_for_it,0.3142857142857143
33,6,field_goal,0.7692307692307693
33,6,go_for_it,0.15384615384615385
33,6,punt,0.07692307692307693
33,7,field_goal,0.6923076923076923
33,7,go_for_it,0.3076923076923077
33,8,field_goal,0.8666666666666667
33,8,go_for_it,0.1
33,8,punt,0.03333333333333333
33,9,field_goal,0.8333333333333334
33,9,go_for_it,0.16666666666666666
33,10,field_goal,0.7419354838709677
33,10,go_for_it,0.22580645161290322
33,10,punt,0.03225806451612903
33,11,field_goal,0.6666666666666666
33,11,go_for_it,0.3333333333333333
33,12,field_goal,0.5454545454545454
33,12,go_for_it,0.36363636363636365
33,12,punt,0.09090909090909091
33,13,field_goal,0.8181818181818182
33,13,go_for_it,0.18181818181818182
33,14,field_goal,0.8
33,14,go_for_it,0.2
33,15,field_goal,0.8
33,15,go_for_it,0.2
33,16,field_goal,1
33,17,field_goal,1
33,18,field_goal,1
33,19,field_goal,1
33,20,field_goal,0.75
33,20,go_for_it,0.25
33,21,field_goal,1
33,22,field_goal,1
33,24,field_goal,1
33,25,field_goal,1
33,26,field_goal,1
33,28,field_goal,1
33,33,field_goal,1
34,1,field_goal,0.19230769230769232
34,1,go_for_it,0.8076923076923077
34,2,field_goal,0.2631578947368421
34,2,go_for_it,0.7368421052631579
34,3,field_goal,0.5897435897435898
34,3,go_for_it,0.41025641025641024
34,4,field_goal,0.6428571428571429
34,4,go_for_it,0.3333333333333333
34,4,punt,0.023809523809523808
34,5,field_goal,0.8157894736842105
34,5,go_for_it,0.18421052631578946
34,6,field_goal,0.7714285714285715
34,6,go_for_it,0.2
34,6,punt,0.02857142857142857
34,7,field_goal,0.696969696969697
34,7,go_for_it,0.2727272727272727
34,7,punt,0.030303030303030304
34,8,field_goal,0.8421052631578947
34,8,go_for_it,0.15789473684210525
34,9,field_goal,0.6875
34,9,go_for_it,0.25
34,9,punt,0.0625
34,10,field_goal,0.8461538461538461
34,10,go_for_it,0.15384615384615385
34,11,field_goal,0.6666666666666666
34,11,go_for_it,0.2222222222222222
34,11,punt,0.1111111111111111
34,12,field_goal,0.6666666666666666
34,12,go_for_it,0.16666666666666666
34,12,punt,0.16666666666666666
34,13,field_goal,0.8461538461538461
34,13,go_for_it,0.15384615384615385
34,14,field_goal,0.8888888888888888
34,14,go_for_it,0.1111111111111111
34,15,field_goal,0.7857142857142857
34,15,go_for_it,0.14285714285714285
34,15,punt,0.07142857142857142
34,16,field_goal,0.8333333333333334
34,16,go_for_it,0.16666666666666666
34,17,field_goal,0.75
34,17,punt,0.25
34,18,field_goal,1
34,19,field_goal,1
34,20,field_goal,0.5555555555555556
34,20,go_for_it,0.3333333333333333
34,20,punt,0.1111111111111111
34,21,field_goal,0.75
34,21,go_for_it,0.25
34,23,field_goal,0.6666666666666666
34,23,go_for_it,0.3333333333333333
34,24,field_goal,1
34,25,field_goal,1
34,28,field_goal,1
34,30,field_goal,1
35,1,field_goal,0.1044776119402985
35,1,go_for_it,0.8955223880597015
35,2,field_goal,0.30434782608695654
35,2,go_for_it,0.6739130434782609
35,2,punt,0.021739130434782608
35,3,field_goal,0.525
35,3,go_for_it,0.475
35,4,field_goal,0.7027027027027027
35,4,go_for_it,0.2972972972972973
35,5,field_goal,0.5777777777777777
35,5,go_for_it,0.3111111111111111
35,5,punt,0.1111111111111111
35,6,field_goal,0.6190476190476191
35,6,go_for_it,0.35714285714285715
35,6,punt,0.023809523809523808
35,7,field_goal,0.6551724137931034
35,7,go_for_it,0.27586206896551724
35,7,punt,0.06896551724137931
35,8,field_goal,0.6785714285714286
35,8,go_for_it,0.2857142857142857
35,8,punt,0.03571428571428571
35,9,field_goal,0.5925925925925926
35,9,go_for_it,0.2222222222222222
35,9,punt,0.18518518518518517
35,10,field_goal,0.6388888888888888
35,10,go_for_it,0.2777777777777778
35,10,punt,0.08333333333333333
35,11,field_goal,0.8125
35,11,go_for_it,0.0625
35,11,punt,0.125
35,12,field_goal,0.75
35,12,go_for_it,0.1875
35,12,punt,0.0625
35,13,field_goal,0.625
35,13,go_for_it,0.3125
35,13,punt,0.0625
35,14,field_goal,0.75
35,14,go_for_it,0.125
35,14,punt,0.125
35,15,field_goal,0.8
35,15,go_for_it,0.2
35,16,field_goal,0.875
35,16,punt,0.125
35,17,field_goal,0.7142857142857143
35,17,go_for_it,0.14285714285714285
35,17,punt,0.14285714285714285
35,18,field_goal,0.8333333333333334
35,18,go_for_it,0.16666666666666666
35,19,field_goal,0.6
35,19,go_for_it,0.2
35,19,punt,0.2
35,20,field_goal,0.7142857142857143
35,20,go_for_it,0.14285714285714285
35,20,punt,0.14285714285714285
35,21,go_for_it,1
35,22,field_goal,0.6
35,22,go_for_it,0.4
35,23,field_goal,1
35,24,field_goal,1
35,25,field_goal,0.5
35,25,go_for_it,0.25
35,25,punt,0.25
35,26,field_goal,1
36,1,field_goal,0.05333333333333334
36,1,go_for_it,0.92
36,1,punt,0.02666666666666667
36,2,field_goal,0.3055555555555556
36,2,go_for_it,0.6666666666666666
36,2,punt,0.027777777777777776
36,3,field_goal,0.3902439024390244
36,3,go_for_it,0.5853658536585366
36,3,punt,0.024390243902439025
36,4,field_goal,0.40540540540540543
36,4,go_for_it,0.5405405405405406
36,4,punt,0.05405405405405406
36,5,field_goal,0.5348837209302325
36,5,go_for_it,0.37209302325581395
36,5,punt,0.09302325581395349
36,6,field_goal,0.6046511627906976
36,6,go_for_it,0.3488372093023256
36,6,punt,0.046511627906976744
36,7,field_goal,0.425
36,7,go_for_it,0.375
36,7,punt,0.2
36,8,field_goal,0.4827586206896552
36,8,go_for_it,0.27586206896551724
36,8,punt,0.2413793103448276
36,9,field_goal,0.6666666666666666
36,9,go_for_it,0.25
36,9,punt,0.08333333333333333
36,10,field_goal,0.5555555555555556
36,10,go_for_it,0.3333333333333333
36,10,punt,0.1111111111111111
36,11,field_goal,0.3333333333333333
36,11,go_for_it,0.5
36,11,punt,0.16666666666666666
36,12,field_goal,0.7272727272727273
36,12,go_for_it,0.22727272727272727
36,12,punt,0.045454545454545456
36,13,field_goal,1
36,14,field_goal,0.6363636363636364
36,14,go_for_it,0.2727272727272727
36,14,punt,0.09090909090909091
36,15,field_goal,0.5
36,15,go_for_it,0.125
36,15,punt,0.375
36,16,field_goal,0.6666666666666666
36,16,go_for_it,0.1111111111111111
36,16,punt,0.2222222222222222
36,17,field_goal,0.2857142857142857
36,17,go_for_it,0.14285714285714285
36,17,punt,0.5714285714285714
36,18,field_goal,0.5
36,18,go_for_it,0.125
36,18,punt,0.375
36,19,field_goal,0.6666666666666666
36,19,punt,0.3333333333333333
36,20,field_goal,0.6666666666666666
36,20,go_for_it,0.3333333333333333
36,21,go_for_it,0.5
36,21,punt,0.5
36,22,field_goal,1
36,23,punt,1
36,24,go_for_it,1
36,25,go_for_it,1
36,26,field_goal,1
36,27,field_goal,1
36,31,field_goal,1
37,1,field_goal,0.046153846153846156
37,1,go_for_it,0.8769230769230769
37,1,punt,0.07692307692307693
37,2,field_goal,0.28125
37,2,go_for_it,0.65625
37,2,punt,0.0625
37,3,field_goal,0.32558139534883723
37,3,go_for_it,0.5581395348837209
37,3,punt,0.11627906976744186
37,4,field_goal,0.25
37,4,go_for_it,0.6388888888888888
37,4,punt,0.1111111111111111
37,5,field_goal,0.48148148148148145
37,5,go_for_it,0.4444444444444444
37,5,punt,0.07407407407407407
37,6,field_goal,0.5333333333333333
37,6,go_for_it,0.3333333333333333
37,6,punt,0.13333333333333333
37,7,field_goal,0.42857142857142855
37,7,go_for_it,0.25
37,7,punt,0.32142857142857145
37,8,field_goal,0.44
37,8,go_for_it,0.24
37,8,punt,0.32
37,9,field_goal,0.4
37,9,go_for_it,0.24
37,9,punt,0.36
37,10,field_goal,0.46153846153846156
37,10,go_for_it,0.2692307692307692
37,10,punt,0.2692307692307692
37,11,field_goal,0.5833333333333334
37,11,go_for_it,0.16666666666666666
37,11,punt,0.25
37,12,field_goal,0.5714285714285714
37,12,go_for_it,0.07142857142857142
37,12,punt,0.35714285714285715
37,13,field_goal,0.25
37,13,go_for_it,0.25
37,13,punt,0.5
37,14,field_goal,0.5555555555555556
37,14,go_for_it,0.2222222222222222
37,14,punt,0.2222222222222222
37,15,field_goal,0.2727272727272727
37,15,go_for_it,0.45454545454545453
37,15,punt,0.2727272727272727
37,16,field_goal,0.5
37,16,punt,0.5
37,17,field_goal,0.125
37,17,go_for_it,0.125
37,17,punt,0.75
37,18,field_goal,0.3333333333333333
37,18,go_for_it,0.3333333333333333
37,18,punt,0.3333333333333333
37,19,field_goal,0.5
37,19,go_for_it,0.5
37,20,field_goal,0.5
37,20,go_for_it,0.25
37,20,punt,0.25
37,21,field_goal,1
37,22,field_goal,0.5714285714285714
37,22,punt,0.42857142857142855
37,23,field_goal,1
37,24,field_goal,0.3333333333333333
37,24,go_for_it,0.3333333333333333
37,24,punt,0.3333333333333333
37,25,field_goal,1
37,32,go_for_it,1
38,1,field_goal,0.061224489795918366
38,1,go_for_it,0.9183673469387755
38,1,punt,0.02040816326530612
38,2,field_goal,0.13333333333333333
38,2,go_for_it,0.8
38,2,punt,0.06666666666666667
38,3,field_goal,0.11904761904761904
38,3,go_for_it,0.7857142857142857
38,3,punt,0.09523809523809523
38,4,field_goal,0.14285714285714285
38,4,go_for_it,0.6857142857142857
38,4,punt,0.17142857142857143
38,5,field_goal,0.18421052631578946
38,5,go_for_it,0.6578947368421053
38,5,punt,0.15789473684210525
38,6,field_goal,0.3055555555555556
38,6,go_for_it,0.4444444444444444
38,6,punt,0.25
38,7,field_goal,0.15151515151515152
38,7,go_for_it,0.3939393939393939
38,7,punt,0.45454545454545453
38,8,field_goal,0.28125
38,8,go_for_it,0.3125
38,8,punt,0.40625
38,9,field_goal,0.34615384615384615
38,9,go_for_it,0.3076923076923077
38,9,punt,0.34615384615384615
38,10,field_goal,0.3181818181818182
38,10,go_for_it,0.3181818181818182
38,10,punt,0.36363636363636365
38,11,field_goal,0.21428571428571427
38,11,go_for_it,0.42857142857142855
38,11,punt,0.35714285714285715
38,12,field_goal,0.375
38,12,go_for_it,0.125
38,12,punt,0.5
38,13,field_goal,0.23076923076923078
38,13,go_for_it,0.38461538461538464
38,13,punt,0.38461538461538464
38,14,field_goal,0.3076923076923077
38,14,go_for_it,0.3076923076923077
38,14,punt,0.38461538461538464
38,15,field_goal,0.3076923076923077
38,15,go_for_it,0.38461538461538464
38,15,punt,0.3076923076923077
38,16,field_goal,0.42857142857142855
38,16,go_for_it,0.2857142857142857
38,16,punt,0.2857142857142857
38,17,field_goal,0.18181818181818182
38,17,go_for_it,0.2727272727272727
38,17,punt,0.5454545454545454
38,18,field_goal,0.25
38,18,go_for_it,0.25
38,18,punt,0.5
38,19,field_goal,0.2857142857142857
38,19,go_for_it,0.14285714285714285
38,19,punt,0.5714285714285714
38,20,field_goal,0.25
38,20,go_for_it,0.25
38,20,punt,0.5
38,21,field_goal,0.3333333333333333
38,21,punt,0.6666666666666666
38,22,punt,1
38,24,field_goal,0.5
38,24,punt,0.5
38,25,punt,1
38,27,punt,1
38,28,field_goal,1
38,30,punt,1
39,1,field_goal,0.03125
39,1,go_for_it,0.921875
39,1,punt,0.046875
39,2,field_goal,0.11538461538461539
39,2,go_for_it,0.7692307692307693
39,2,punt,0.11538461538461539
39,3,field_goal,0.058823529411764705
39,3,go_for_it,0.6764705882352942
39,3,punt,0.2647058823529412
39,4,field_goal,0.06976744186046512
39,4,go_for_it,0.5581395348837209
39,4,punt,0.37209302325581395
39,5,field_goal,0.075
39,5,go_for_it,0.7
39,5,punt,0.225
39,6,field_goal,0.16666666666666666
39,6,go_for_it,0.5833333333333334
39,6,punt,0.25
39,7,field_goal,0.23076923076923078
39,7,go_for_it,0.46153846153846156
39,7,punt,0.3076923076923077
39,8,field_goal,0.09523809523809523
39,8,go_for_it,0.23809523809523808
39,8,punt,0.6666666666666666
39,9,field_goal,0.28888888888888886
39,9,go_for_it,0.17777777777777778
39,9,punt,0.5333333333333333
39,10,field_goal,0.20588235294117646
39,10,go_for_it,0.23529411764705882
39,10,punt,0.5588235294117647
39,11,field_goal,0.08333333333333333
39,11,go_for_it,0.25
39,11,punt,0.6666666666666666
39,12,field_goal,0.1
39,12,go_for_it,0.1
39,12,punt,0.8
39,13,field_goal,0.2222222222222222
39,13,go_for_it,0.1111111111111111
39,13,punt,0.6666666666666666
39,14,field_goal,0.14285714285714285
39,14,punt,0.8571428571428571
39,15,field_goal,0.15384615384615385
39,15,go_for_it,0.3076923076923077
39,15,punt,0.5384615384615384
39,16,field_goal,0.25
39,16,go_for_it,0.1875
39,16,punt,0.5625
39,17,field_goal,0.14285714285714285
39,17,go_for_it,0.14285714285714285
39,17,punt,0.7142857142857143
39,18,field_goal,0.125
39,18,go_for_it,0.125
39,18,punt,0.75
39,19,punt,1
39,20,go_for_it,1
39,21,field_goal,0.5
39,21,go_for_it,0.16666666666666666
39,21,punt,0.3333333333333333
39,22,field_goal,0.5
39,22,go_for_it,0.25
39,22,punt,0.25
39,23,go_for_it,1
39,24,punt,1
39,25,punt,1
39,26,punt,1
39,30,punt,1
39,31,punt,1
39,32,field_goal,1
40,1,field_goal,0.045454545454545456
40,1,go_for_it,0.9242424242424242
40,1,punt,0.030303030303030304
40,2,go_for_it,0.7714285714285715
40,2,punt,0.22857142857142856
40,3,field_goal,0.06521739130434782
40,3,go_for_it,0.5869565217391305
40,3,punt,0.34782608695652173
40,4,field_goal,0.10810810810810811
40,4,go_for_it,0.5135135135135135
40,4,punt,0.3783783783783784
40,5,field_goal,0.05660377358490566
40,5,go_for_it,0.4339622641509434
40,5,punt,0.5094339622641509
40,6,field_goal,0.05263157894736842
40,6,go_for_it,0.42105263157894735
40,6,punt,0.5263157894736842
40,7,field_goal,0.06666666666666667
40,7,go_for_it,0.3111111111111111
40,7,punt,0.6222222222222222
40,8,field_goal,0.037037037037037035
40,8,go_for_it,0.2222222222222222
40,8,punt,0.7407407407407407
40,9,go_for_it,0.28
40,9,punt,0.72
40,10,field_goal,0.13043478260869565
40,10,go_for_it,0.2391304347826087
40,10,punt,0.6304347826086957
40,11,field_goal,0.15
40,11,go_for_it,0.25
40,11,punt,0.6
40,12,field_goal,0.06666666666666667
40,12,go_for_it,0.26666666666666666
40,12,punt,0.6666666666666666
40,13,go_for_it,0.18181818181818182
40,13,punt,0.8181818181818182
40,14,field_goal,0.18181818181818182
40,14,go_for_it,0.09090909090909091
40,14,punt,0.7272727272727273
40,15,field_goal,0.15384615384615385
40,15,go_for_it,0.15384615384615385
40,15,punt,0.6923076923076923
40,16,go_for_it,0.17647058823529413
40,16,punt,0.8235294117647058
40,17,punt,1
40,18,punt,1
40,19,go_for_it,0.4
40,19,punt,0.6
40,20,field_goal,0.2
40,20,go_for_it,0.2
40,20,punt,0.6
40,21,punt,1
40,23,go_for_it,0.25
40,23,punt,0.75
40,24,punt,1
40,26,punt,1
40,27,punt,1
40,30,punt,1
40,32,punt,1
41,1,field_goal,0.014925373134328358
41,1,go_for_it,0.9402985074626866
41,1,punt,0.04477611940298507
41,2,go_for_it,0.8780487804878049
41,2,punt,0.12195121951219512
41,3,go_for_it,0.625
41,3,punt,0.375
41,4,field_goal,0.034482758620689655
41,4,go_for_it,0.3448275862068966
41,4,punt,0.6206896551724138
41,5,field_goal,0.02857142857142857
41,5,go_for_it,0.42857142857142855
41,5,punt,0.5428571428571428
41,6,go_for_it,0.32432432432432434
41,6,punt,0.6756756756756757
41,7,field_goal,0.029411764705882353
41,7,go_for_it,0.35294117647058826
41,7,punt,0.6176470588235294
41,8,field_goal,0.047619047619047616
41,8,go_for_it,0.14285714285714285
41,8,punt,0.8095238095238095
41,9,go_for_it,0.13636363636363635
41,9,punt,0.8636363636363636
41,10,field_goal,0.06976744186046512
41,10,go_for_it,0.3023255813953488
41,10,punt,0.627906976744186
41,11,field_goal,0.06666666666666667
41,11,go_for_it,0.3333333333333333
41,11,punt,0.6
41,12,field_goal,0.058823529411764705
41,12,go_for_it,0.23529411764705882
41,12,punt,0.7058823529411765
41,13,punt,1
41,14,field_goal,0.09090909090909091
41,14,go_for_it,0.09090909090909091
41,14,punt,0.8181818181818182
41,15,field_goal,0.1111111111111111
41,15,go_for_it,0.2222222222222222
41,15,punt,0.6666666666666666
41,16,go_for_it,0.3333333333333333
41,16,punt,0.6666666666666666
41,17,field_goal,0.16666666666666666
41,17,go_for_it,0.16666666666666666
41,17,punt,0.6666666666666666
41,18,go_for_it,0.2222222222222222
41,18,punt,0.7777777777777778
41,19,punt,1
41,20,field_goal,0.125
41,20,punt,0.875
41,21,go_for_it,0.5
41,21,punt,0.5
41,22,punt,1
41,23,field_goal,0.2
41,23,punt,0.8
41,25,go_for_it,1
41,26,punt,1
41,27,punt,1
41,29,punt,1
42,1,go_for_it,0.9310344827586207
42,1,punt,0.06896551724137931
42,2,go_for_it,0.7021276595744681
42,2,punt,0.2978723404255319
42,3,field_goal,0.06060606060606061
42,3,go_for_it,0.42424242424242425
42,3,punt,0.5151515151515151
42,4,field_goal,0.023809523809523808
42,4,go_for_it,0.5238095238095238
42,4,punt,0.4523809523809524
42,5,go_for_it,0.4
42,5,punt,0.6
42,6,go_for_it,0.2857142857142857
42,6,punt,0.7142857142857143
42,7,go_for_it,0.21052631578947367
42,7,punt,0.7894736842105263
42,8,go_for_it,0.2571428571428571
42,8,punt,0.7428571428571429
42,9,field_goal,0.03125
42,9,go_for_it,0.1875
42,9,punt,0.78125
42,10,field_goal,0.08695652173913043
42,10,go_for_it,0.30434782608695654
42,10,punt,0.6086956521739131
42,11,field_goal,0.09523809523809523
42,11,go_for_it,0.2857142857142857
42,11,punt,0.6190476190476191
42,12,go_for_it,0.08333333333333333
42,12,punt,0.9166666666666666
42,13,go_for_it,0.15
42,13,punt,0.85
42,14,go_for_it,0.1111111111111111
42,14,punt,0.8888888888888888
42,15,field_goal,0.14285714285714285
42,15,go_for_it,0.2857142857142857
42,15,punt,0.5714285714285714
42,16,punt,1
42,17,punt,1
42,18,go_for_it,0.1111111111111111
42,18,punt,0.8888888888888888
42,19,field_goal,0.2
42,19,go_for_it,0.4
42,19,punt,0.4
42,20,field_goal,0.16666666666666666
42,20,go_for_it,0.3333333333333333
42,20,punt,0.5
42,21,punt,1
42,22,punt,1
42,23,go_for_it,0.5
42,23,punt,0.5
42,24,field_goal,0.3333333333333333
42,24,punt,0.6666666666666666
42,25,punt,1
42,27,go_for_it,0.6666666666666666
42,27,punt,0.3333333333333333
42,28,punt,1
42,29,punt,1
42,30,punt,1
42,31,field_goal,0.5
42,31,punt,0.5
42,32,punt,1
43,1,go_for_it,0.8363636363636363
43,1,punt,0.16363636363636364
43,2,field_goal,0.02631578947368421
43,2,go_for_it,0.631578947368421
43,2,punt,0.34210526315789475
43,3,go_for_it,0.4864864864864865
43,3,punt,0.5135135135135135
43,4,go_for_it,0.42105263157894735
43,4,punt,0.5789473684210527
43,5,go_for_it,0.4186046511627907
43,5,punt,0.5813953488372093
43,6,go_for_it,0.21621621621621623
43,6,punt,0.7837837837837838
43,7,go_for_it,0.14285714285714285
43,7,punt,0.8571428571428571
43,8,go_for_it,0.2903225806451613
43,8,punt,0.7096774193548387
43,9,go_for_it,0.3157894736842105
43,9,punt,0.6842105263157895
43,10,field_goal,0.05714285714285714
43,10,go_for_it,0.2
43,10,punt,0.7428571428571429
43,11,go_for_it,0.19047619047619047
43,11,punt,0.8095238095238095
43,12,go_for_it,0.3125
43,12,punt,0.6875
43,13,field_goal,0.125
43,13,punt,0.875
43,14,go_for_it,0.21428571428571427
43,14,punt,0.7857142857142857
43,15,field_goal,0.08333333333333333
43,15,go_for_it,0.16666666666666666
43,15,punt,0.75
43,16,go_for_it,0.16666666666666666
43,16,punt,0.8333333333333334
43,17,go_for_it,0.3333333333333333
43,17,punt,0.6666666666666666
43,18,go_for_it,0.2222222222222222
43,18,punt,0.7777777777777778
43,19,punt,1
43,20,punt,1
43,21,punt,1
43,22,field_goal,0.16666666666666666
43,22,go_for_it,0.16666666666666666
43,22,punt,0.6666666666666666
43,23,field_goal,0.16666666666666666
43,23,punt,0.8333333333333334
43,25,punt,1
43,32,punt,1
44,1,go_for_it,0.8727272727272727
44,1,punt,0.12727272727272726
44,2,go_for_it,0.6122448979591837
44,2,punt,0.3877551020408163
44,3,go_for_it,0.375
44,3,punt,0.625
44,4,field_goal,0.022727272727272728
44,4,go_for_it,0.4318181818181818
44,4,punt,0.5454545454545454
44,5,go_for_it,0.3137254901960784
44,5,punt,0.6862745098039216
44,6,go_for_it,0.175
44,6,punt,0.825
44,7,go_for_it,0.12121212121212122
44,7,punt,0.8787878787878788
44,8,go_for_it,0.26666666666666666
44,8,punt,0.7333333333333333
44,9,field_goal,0.029411764705882353
44,9,go_for_it,0.058823529411764705
44,9,punt,0.9117647058823529
44,10,field_goal,0.024390243902439025
44,10,go_for_it,0.21951219512195122
44,10,punt,0.7560975609756098
44,11,field_goal,0.058823529411764705
44,11,go_for_it,0.17647058823529413
44,11,punt,0.7647058823529411
44,12,go_for_it,0.07142857142857142
44,12,punt,0.9285714285714286
44,13,punt,1
44,14,punt,1
44,15,go_for_it,0.08333333333333333
44,15,punt,0.9166666666666666
44,16,go_for_it,0.1111111111111111
44,16,punt,0.8888888888888888
44,17,punt,1
44,18,punt,1
44,19,go_for_it,0.2
44,19,punt,0.8
44,20,go_for_it,0.2
44,20,punt,0.8
44,21,punt,1
44,22,go_for_it,0.3333333333333333
44,22,punt,0.6666666666666666
44,23,punt,1
44,24,punt,1
44,25,punt,1
44,26,punt,1
44,28,punt,1
45,1,go_for_it,0.8918918918918919
45,1,punt,0.10810810810810811
45,2,go_for_it,0.6363636363636364
45,2,punt,0.36363636363636365
45,3,field_goal,0.023809523809523808
45,3,go_for_it,0.35714285714285715
45,3,punt,0.6190476190476191
45,4,go_for_it,0.3902439024390244
45,4,punt,0.6097560975609756
45,5,go_for_it,0.36585365853658536
45,5,punt,0.6341463414634146
45,6,go_for_it,0.26666666666666666
45,6,punt,0.7333333333333333
45,7,field_goal,0.02702702702702703
45,7,go_for_it,0.13513513513513514
45,7,punt,0.8378378378378378
45,8,go_for_it,0.08823529411764706
45,8,punt,0.9117647058823529
45,9,go_for_it,0.23684210526315788
45,9,punt,0.7631578947368421
45,10,field_goal,0.04878048780487805
45,10,go_for_it,0.07317073170731707
45,10,punt,0.8780487804878049
45,11,go_for_it,0.125
45,11,punt,0.875
45,12,punt,1
45,13,go_for_it,0.16666666666666666
45,13,punt,0.8333333333333334
45,14,punt,1
45,15,go_for_it,0.1
45,15,punt,0.9
45,16,field_goal,0.125
45,16,go_for_it,0.125
45,16,punt,0.75
45,17,go_for_it,0.1111111111111111
45,17,punt,0.8888888888888888
45,18,go_for_it,0.25
45,18,punt,0.75
45,19,punt,1
45,20,go_for_it,0.2
45,20,punt,0.8
45,21,punt,1
45,22,go_for_it,0.5
45,22,punt,0.5
45,23,punt,1
45,24,punt,1
45,25,go_for_it,0.3333333333333333
45,25,punt,0.6666666666666666
45,26,go_for_it,0.5
45,26,punt,0.5
45,27,punt,1
45,29,punt,1
45,30,punt,1
45,33,punt,1
46,1,field_goal,0.0196078431372549
46,1,go_for_it,0.7647058823529411
46,1,punt,0.21568627450980393
46,2,go_for_it,0.5789473684210527
46,2,punt,0.42105263157894735
46,3,go_for_it,0.45454545454545453
46,3,punt,0.5454545454545454
46,4,go_for_it,0.4642857142857143
46,4,punt,0.5357142857142857
46,5,field_goal,0.03125
46,5,go_for_it,0.125
46,5,punt,0.84375
46,6,go_for_it,0.1282051282051282
46,6,punt,0.8717948717948718
46,7,go_for_it,0.05405405405405406
46,7,punt,0.9459459459459459
46,8,go_for_it,0.20833333333333334
46,8,punt,0.7916666666666666
46,9,go_for_it,0.14285714285714285
46,9,punt,0.8571428571428571
46,10,go_for_it,0.15151515151515152
46,10,punt,0.8484848484848485
46,11,go_for_it,0.26666666666666666
46,11,punt,0.7333333333333333
46,12,field_goal,0.045454545454545456
46,12,go_for_it,0.09090909090909091
46,12,punt,0.8636363636363636
46,13,go_for_it,0.2222222222222222
46,13,punt,0.7777777777777778
46,14,go_for_it,0.3333333333333333
46,14,punt,0.6666666666666666
46,15,go_for_it,0.17647058823529413
46,15,punt,0.8235294117647058
46,16,punt,1
46,17,go_for_it,0.3333333333333333
46,17,punt,0.6666666666666666
46,18,punt,1
46,19,go_for_it,0.2
46,19,punt,0.8
46,20,field_goal,0.1
46,20,go_for_it,0.2
46,20,punt,0.7
46,21,go_for_it,0.3333333333333333
46,21,punt,0.6666666666666666
46,22,punt,1
46,23,punt,1
46,24,punt,1
46,25,punt,1
46,26,punt,1
46,28,punt,1
46,29,punt,1
46,30,punt,1
46,35,go_for_it,1
47,1,go_for_it,0.7692307692307693
47,1,punt,0.23076923076923078
47,2,go_for_it,0.475
47,2,punt,0.525
47,3,go_for_it,0.3448275862068966
47,3,punt,0.6551724137931034
47,4,go_for_it,0.3333333333333333
47,4,punt,0.6666666666666666
47,5,go_for_it,0.2727272727272727
47,5,punt,0.7272727272727273
47,6,go_for_it,0.18421052631578946
47,6,punt,0.8157894736842105
47,7,field_goal,0.02857142857142857
47,7,go_for_it,0.08571428571428572
47,7,punt,0.8857142857142857
47,8,go_for_it,0.13333333333333333
47,8,punt,0.8666666666666667
47,9,go_for_it,0.06060606060606061
47,9,punt,0.9393939393939394
47,10,field_goal,0.029411764705882353
47,10,go_for_it,0.058823529411764705
47,10,punt,0.9117647058823529
47,11,go_for_it,0.35714285714285715
47,11,punt,0.6428571428571429
47,12,go_for_it,0.11538461538461539
47,12,punt,0.8846153846153846
47,13,go_for_it,0.16666666666666666
47,13,punt,0.8333333333333334
47,14,go_for_it,0.08333333333333333
47,14,punt,0.9166666666666666
47,15,go_for_it,0.18181818181818182
47,15,punt,0.8181818181818182
47,16,punt,1
47,17,go_for_it,0.2
47,17,punt,0.8
47,18,go_for_it,0.3333333333333333
47,18,punt,0.6666666666666666
47,19,field_goal,0.16666666666666666
47,19,punt,0.8333333333333334
47,20,punt,1
47,21,punt,1
47,22,go_for_it,0.3333333333333333
47,22,punt,0.6666666666666666
47,23,punt,1
47,24,punt,1
47,25,punt,1
47,26,punt,1
47,27,punt,1
47,29,punt,1
48,1,go_for_it,0.9069767441860465
48,1,punt,0.09302325581395349
48,2,go_for_it,0.45714285714285713
48,2,punt,0.5428571428571428
48,3,go_for_it,0.25
48,3,punt,0.75
48,4,go_for_it,0.2777777777777778
48,4,punt,0.7222222222222222
48,5,go_for_it,0.16666666666666666
48,5,punt,0.8333333333333334
48,6,go_for_it,0.09523809523809523
48,6,punt,0.9047619047619048
48,7,go_for_it,0.14705882352941177
48,7,punt,0.8529411764705882
48,8,go_for_it,0.16
48,8,punt,0.84
48,9,go_for_it,0.1
48,9,punt,0.9
48,10,go_for_it,0.3333333333333333
48,10,punt,0.6666666666666666
48,11,go_for_it,0.07407407407407407
48,11,punt,0.9259259259259259
48,12,go_for_it,0.14285714285714285
48,12,punt,0.8571428571428571
48,13,go_for_it,0.25
48,13,punt,0.75
48,14,go_for_it,0.1111111111111111
48,14,punt,0.8888888888888888
48,15,punt,1
48,16,go_for_it,0.23076923076923078
48,16,punt,0.7692307692307693
48,17,go_for_it,0.23076923076923078
48,17,punt,0.7692307692307693
48,18,go_for_it,0.25
48,18,punt,0.75
48,19,go_for_it,0.25
48,19,punt,0.75
48,20,punt,1
48,21,punt,1
48,23,punt,1
48,24,punt,1
48,26,go_for_it,1
48,27,punt,1
48,29,punt,1
48,31,go_for_it,1
48,32,punt,1
49,1,go_for_it,0.8260869565217391
49,1,punt,0.17391304347826086
49,2,go_for_it,0.475
49,2,punt,0.525
49,3,go_for_it,0.175
49,3,punt,0.825
49,4,go_for_it,0.3
49,4,punt,0.7
49,5,go_for_it,0.18604651162790697
49,5,punt,0.813953488372093
49,6,go_for_it,0.17073170731707318
49,6,punt,0.8292682926829268
49,7,go_for_it,0.18421052631578946
49,7,punt,0.8157894736842105
49,8,go_for_it,0.24
49,8,punt,0.76
49,9,go_for_it,0.18518518518518517
49,9,punt,0.8148148148148148
49,10,field_goal,0.027777777777777776
49,10,go_for_it,0.19444444444444445
49,10,punt,0.7777777777777778
49,11,go_for_it,0.17391304347826086
49,11,punt,0.8260869565217391
49,12,go_for_it,0.08333333333333333
49,12,punt,0.9166666666666666
49,13,go_for_it,0.125
49,13,punt,0.875
49,14,go_for_it,0.16666666666666666
49,14,punt,0.8333333333333334
49,15,go_for_it,0.125
49,15,punt,0.875
49,16,go_for_it,0.2857142857142857
49,16,punt,0.7142857142857143
49,17,go_for_it,0.125
49,17,punt,0.875
49,18,punt,1
49,19,go_for_it,0.125
49,19,punt,0.875
49,20,go_for_it,0.16666666666666666
49,20,punt,0.8333333333333334
49,21,punt,1
49,22,punt,1
49,23,punt,1
49,24,go_for_it,0.3333333333333333
49,24,punt,0.6666666666666666
49,25,go_for_it,0.5
49,25,punt,0.5
49,26,go_for_it,0.5
49,26,punt,0.5
49,27,punt,1
49,28,punt,1
49,29,punt,1
49,34,punt,1
50,1,go_for_it,0.7123287671232876
50,1,punt,0.2876712328767123
50,2,go_for_it,0.4897959183673469
50,2,punt,0.5102040816326531
50,3,go_for_it,0.4
50,3,punt,0.6
50,4,go_for_it,0.1568627450980392
50,4,punt,0.8431372549019608
50,5,go_for_it,0.17857142857142858
50,5,punt,0.8214285714285714
50,6,go_for_it,0.1276595744680851
50,6,punt,0.8723404255319149
50,7,go_for_it,0.10526315789473684
50,7,punt,0.8947368421052632
50,8,go_for_it,0.05555555555555555
50,8,punt,0.9444444444444444
50,9,go_for_it,0.03571428571428571
50,9,punt,0.9642857142857143
50,10,go_for_it,0.3333333333333333
50,10,punt,0.6666666666666666
50,11,go_for_it,0.24
50,11,punt,0.76
50,12,go_for_it,0.29411764705882354
50,12,punt,0.7058823529411765
50,13,go_for_it,0.06666666666666667
50,13,punt,0.9333333333333333
50,14,go_for_it,0.06666666666666667
50,14,punt,0.9333333333333333
50,15,go_for_it,0.16666666666666666
50,15,punt,0.8333333333333334
50,16,go_for_it,0.2
50,16,punt,0.8
50,17,punt,1
50,18,go_for_it,0.08333333333333333
50,18,punt,0.9166666666666666
50,19,go_for_it,0.25
50,19,punt,0.75
50,20,go_for_it,0.16666666666666666
50,20,punt,0.8333333333333334
50,21,punt,1
50,22,punt,1
50,23,punt,1
50,24,punt,1
50,25,punt,1
50,26,punt,1
50,27,punt,1
50,28,punt,1
50,30,go_for_it,1
50,31,punt,1
51,1,go_for_it,0.7093023255813954
51,1,punt,0.29069767441860467
51,2,go_for_it,0.3888888888888889
51,2,punt,0.6111111111111112
51,3,go_for_it,0.23076923076923078
51,3,punt,0.7692307692307693
51,4,go_for_it,0.3103448275862069
51,4,punt,0.6896551724137931
51,5,go_for_it,0.1891891891891892
51,5,punt,0.8108108108108109
51,6,go_for_it,0.23809523809523808
51,6,punt,0.7619047619047619
51,7,go_for_it,0.1111111111111111
51,7,punt,0.8888888888888888
51,8,go_for_it,0.09375
51,8,punt,0.90625
51,9,go_for_it,0.18181818181818182
51,9,punt,0.8181818181818182
51,10,go_for_it,0.16666666666666666
51,10,punt,0.8333333333333334
51,11,go_for_it,0.09523809523809523
51,11,punt,0.9047619047619048
51,12,go_for_it,0.09090909090909091
51,12,punt,0.9090909090909091
51,13,go_for_it,0.045454545454545456
51,13,punt,0.9545454545454546
51,14,go_for_it,0.15384615384615385
51,14,punt,0.8461538461538461
51,15,go_for_it,0.07692307692307693
51,15,punt,0.9230769230769231
51,16,go_for_it,0.18181818181818182
51,16,punt,0.8181818181818182
51,17,go_for_it,0.25
51,17,punt,0.75
51,18,punt,1
51,19,go_for_it,0.4
51,19,punt,0.6
51,20,go_for_it,0.16666666666666666
51,20,punt,0.8333333333333334
51,21,punt,1
51,22,punt,1
51,23,punt,1
51,24,go_for_it,0.5
51,24,punt,0.5
51,26,punt,1
51,32,punt,1
52,1,go_for_it,0.6515151515151515
52,1,punt,0.3484848484848485
52,2,go_for_it,0.19148936170212766
52,2,punt,0.8085106382978723
52,3,go_for_it,0.29545454545454547
52,3,punt,0.7045454545454546
52,4,go_for_it,0.15789473684210525
52,4,punt,0.8421052631578947
52,5,go_for_it,0.25
52,5,punt,0.75
52,6,go_for_it,0.12121212121212122
52,6,punt,0.8787878787878788
52,7,go_for_it,0.1590909090909091
52,7,punt,0.8409090909090909
52,8,go_for_it,0.13043478260869565
52,8,punt,0.8695652173913043
52,9,go_for_it,0.02631578947368421
52,9,punt,0.9736842105263158
52,10,go_for_it,0.1388888888888889
52,10,punt,0.8611111111111112
52,11,punt,1
52,12,go_for_it,0.1
52,12,punt,0.9
52,13,go_for_it,0.18181818181818182
52,13,punt,0.8181818181818182
52,14,go_for_it,0.08333333333333333
52,14,punt,0.9166666666666666
52,15,punt,1
52,16,punt,1
52,17,punt,1
52,18,punt,1
52,19,punt,1
52,20,punt,1
52,21,punt,1
52,22,punt,1
52,23,go_for_it,0.3333333333333333
52,23,punt,0.6666666666666666
52,24,punt,1
52,26,go_for_it,1
52,27,punt,1
52,28,punt,1
52,34,punt,1
53,1,go_for_it,0.5573770491803278
53,1,punt,0.4426229508196721
53,2,go_for_it,0.24324324324324326
53,2,punt,0.7567567567567568
53,3,go_for_it,0.125
53,3,punt,0.875
53,4,go_for_it,0.14583333333333334
53,4,punt,0.8541666666666666
53,5,go_for_it,0.1891891891891892
53,5,punt,0.8108108108108109
53,6,go_for_it,0.1111111111111111
53,6,punt,0.8888888888888888
53,7,go_for_it,0.11428571428571428
53,7,punt,0.8857142857142857
53,8,go_for_it,0.05405405405405406
53,8,punt,0.9459459459459459
53,9,punt,1
53,10,go_for_it,0.16
53,10,punt,0.84
53,11,punt,1
53,12,go_for_it,0.16666666666666666
53,12,punt,0.8333333333333334
53,13,go_for_it,0.15384615384615385
53,13,punt,0.8461538461538461
53,14,punt,1
53,15,go_for_it,0.06666666666666667
53,15,punt,0.9333333333333333
53,16,go_for_it,0.16666666666666666
53,16,punt,0.8333333333333334
53,17,go_for_it,0.09090909090909091
53,17,punt,0.9090909090909091
53,18,go_for_it,0.3333333333333333
53,18,punt,0.6666666666666666
53,19,go_for_it,0.16666666666666666
53,19,punt,0.8333333333333334
53,20,punt,1
53,21,go_for_it,0.25
53,21,punt,0.75
53,22,punt,1
53,23,go_for_it,0.25
53,23,punt,0.75
53,24,punt,1
53,26,punt,1
53,28,go_for_it,1
53,29,go_for_it,0.5
53,29,punt,0.5
53,31,punt,1
53,46,punt,1
54,1,go_for_it,0.6125
54,1,punt,0.3875
54,2,go_for_it,0.32075471698113206
54,2,punt,0.6792452830188679
54,3,go_for_it,0.2727272727272727
54,3,punt,0.7272727272727273
54,4,go_for_it,0.20408163265306123
54,4,punt,0.7959183673469388
54,5,go_for_it,0.11764705882352941
54,5,punt,0.8823529411764706
54,6,go_for_it,0.13636363636363635
54,6,punt,0.8636363636363636
54,7,go_for_it,0.10526315789473684
54,7,punt,0.8947368421052632
54,8,go_for_it,0.12903225806451613
54,8,punt,0.8709677419354839
54,9,go_for_it,0.17857142857142858
54,9,punt,0.8214285714285714
54,10,go_for_it,0.23529411764705882
54,10,punt,0.7647058823529411
54,11,go_for_it,0.05555555555555555
54,11,punt,0.9444444444444444
54,12,go_for_it,0.10526315789473684
54,12,punt,0.8947368421052632
54,13,punt,1
54,14,go_for_it,0.16666666666666666
54,14,punt,0.8333333333333334
54,15,go_for_it,0.1111111111111111
54,15,punt,0.8888888888888888
54,16,punt,1
54,17,go_for_it,0.5
54,17,punt,0.5
54,18,go_for_it,0.125
54,18,punt,0.875
54,19,go_for_it,0.1111111111111111
54,19,punt,0.8888888888888888
54,20,go_for_it,0.3
54,20,punt,0.7
54,21,punt,1
54,22,punt,1
54,23,go_for_it,0.5
54,23,punt,0.5
54,24,punt,1
54,26,punt,1
54,31,punt,1
55,1,go_for_it,0.5757575757575758
55,1,punt,0.42424242424242425
55,2,go_for_it,0.30864197530864196
55,2,punt,0.691358024691358
55,3,go_for_it,0.06521739130434782
55,3,punt,0.9347826086956522
55,4,go_for_it,0.20512820512820512
55,4,punt,0.7948717948717948
55,5,go_for_it,0.13043478260869565
55,5,punt,0.8695652173913043
55,6,go_for_it,0.1836734693877551
55,6,punt,0.8163265306122449
55,7,go_for_it,0.0851063829787234
55,7,punt,0.9148936170212766
55,8,go_for_it,0.09302325581395349
55,8,punt,0.9069767441860465
55,9,go_for_it,0.0625
55,9,punt,0.9375
55,10,go_for_it,0.18518518518518517
55,10,punt,0.8148148148148148
55,11,punt,1
55,12,go_for_it,0.13043478260869565
55,12,punt,0.8695652173913043
55,13,go_for_it,0.25
55,13,punt,0.75
55,14,go_for_it,0.13043478260869565
55,14,punt,0.8695652173913043
55,15,go_for_it,0.125
55,15,punt,0.875
55,16,go_for_it,0.125
55,16,punt,0.875
55,17,go_for_it,0.125
55,17,punt,0.875
55,18,go_for_it,0.3333333333333333
55,18,punt,0.6666666666666666
55,19,punt,1
55,20,punt,1
55,21,punt,1
55,22,punt,1
55,23,punt,1
55,24,punt,1
55,25,go_for_it,0.25
55,25,punt,0.75
55,26,punt,1
55,27,punt,1
55,29,punt,1
55,30,go_for_it,1
55,31,punt,1
55,33,punt,1
56,1,go_for_it,0.5625
56,1,punt,0.4375
56,2,go_for_it,0.23076923076923078
56,2,punt,0.7692307692307693
56,3,go_for_it,0.11363636363636363
56,3,punt,0.8863636363636364
56,4,go_for_it,0.12195121951219512
56,4,punt,0.8780487804878049
56,5,go_for_it,0.21951219512195122
56,5,punt,0.7804878048780488
56,6,go_for_it,0.06666666666666667
56,6,punt,0.9333333333333333
56,7,go_for_it,0.14285714285714285
56,7,punt,0.8571428571428571
56,8,go_for_it,0.10256410256410256
56,8,punt,0.8974358974358975
56,9,go_for_it,0.13333333333333333
56,9,punt,0.8666666666666667
56,10,go_for_it,0.13333333333333333
56,10,punt,0.8666666666666667
56,11,go_for_it,0.13333333333333333
56,11,punt,0.8666666666666667
56,12,go_for_it,0.16666666666666666
56,12,punt,0.8333333333333334
56,13,go_for_it,0.2
56,13,punt,0.8
56,14,go_for_it,0.25
56,14,punt,0.75
56,15,go_for_it,0.09090909090909091
56,15,punt,0.9090909090909091
56,16,go_for_it,0.16666666666666666
56,16,punt,0.8333333333333334
56,17,go_for_it,0.1
56,17,punt,0.9
56,18,punt,1
56,19,go_for_it,0.5
56,19,punt,0.5
56,20,punt,1
56,21,punt,1
56,22,go_for_it,1
56,23,punt,1
56,24,punt,1
56,25,punt,1
56,26,punt,1
56,27,punt,1
56,28,go_for_it,1
56,29,punt,1
56,30,punt,1
56,32,punt,1
56,40,punt,1
57,1,go_for_it,0.5
57,1,punt,0.5
57,2,go_for_it,0.25
57,2,punt,0.75
57,3,go_for_it,0.1
57,3,punt,0.9
57,4,go_for_it,0.17307692307692307
57,4,punt,0.8269230769230769
57,5,go_for_it,0.19444444444444445
57,5,punt,0.8055555555555556
57,6,go_for_it,0.2571428571428571
57,6,punt,0.7428571428571429
57,7,go_for_it,0.11428571428571428
57,7,punt,0.8857142857142857
57,8,go_for_it,0.03125
57,8,punt,0.96875
57,9,go_for_it,0.058823529411764705
57,9,punt,0.9411764705882353
57,10,go_for_it,0.06818181818181818
57,10,punt,0.9318181818181818
57,11,go_for_it,0.05
57,11,punt,0.95
57,12,go_for_it,0.09523809523809523
57,12,punt,0.9047619047619048
57,13,go_for_it,0.16666666666666666
57,13,punt,0.8333333333333334
57,14,go_for_it,0.17647058823529413
57,14,punt,0.8235294117647058
57,15,go_for_it,0.21428571428571427
57,15,punt,0.7857142857142857
57,16,go_for_it,0.09090909090909091
57,16,punt,0.9090909090909091
57,17,punt,1
57,18,go_for_it,0.125
57,18,punt,0.875
57,19,go_for_it,0.16666666666666666
57,19,punt,0.8333333333333334
57,20,punt,1
57,21,go_for_it,0.25
57,21,punt,0.75
57,22,punt,1
57,23,go_for_it,1
57,24,punt,1
57,25,go_for_it,0.5
57,25,punt,0.5
57,27,go_for_it,0.6666666666666666
57,27,punt,0.3333333333333333
57,28,punt,1
57,29,punt,1
57,31,go_for_it,1
57,32,punt,1
58,1,go_for_it,0.46
58,1,punt,0.54
58,2,go_for_it,0.07894736842105263
58,2,punt,0.9210526315789473
58,3,go_for_it,0.14035087719298245
58,3,punt,0.8596491228070176
58,4,go_for_it,0.13793103448275862
58,4,punt,0.8620689655172413
58,5,go_for_it,0.12244897959183673
58,5,punt,0.8775510204081632
58,6,go_for_it,0.11538461538461539
58,6,punt,0.8846153846153846
58,7,go_for_it,0.14285714285714285
58,7,punt,0.8571428571428571
58,8,go_for_it,0.15789473684210525
58,8,punt,0.8421052631578947
58,9,punt,1
58,10,go_for_it,0.225
58,10,punt,0.775
58,11,go_for_it,0.125
58,11,punt,0.875
58,12,go_for_it,0.07142857142857142
58,12,punt,0.9285714285714286
58,13,punt,1
58,14,punt,1
58,15,go_for_it,0.16666666666666666
58,15,punt,0.8333333333333334
58,16,punt,1
58,17,punt,1
58,18,go_for_it,0.14285714285714285
58,18,punt,0.8571428571428571
58,19,punt,1
58,20,punt,1
58,21,go_for_it,0.125
58,21,punt,0.875
58,22,punt,1
58,23,punt,1
58,24,punt,1
58,25,punt,1
58,27,punt,1
58,29,punt,1
59,1,go_for_it,0.39285714285714285
59,1,punt,0.6071428571428571
59,2,go_for_it,0.14285714285714285
59,2,punt,0.8571428571428571
59,3,go_for_it,0.06451612903225806
59,3,punt,0.9354838709677419
59,4,go_for_it,0.14754098360655737
59,4,punt,0.8524590163934426
59,5,go_for_it,0.18181818181818182
59,5,punt,0.8181818181818182
59,6,go_for_it,0.06557377049180328
59,6,punt,0.9344262295081968
59,7,go_for_it,0.1111111111111111
59,7,punt,0.8888888888888888
59,8,go_for_it,0.13953488372093023
59,8,punt,0.8604651162790697
59,9,go_for_it,0.08
59,9,punt,0.92
59,10,go_for_it,0.16326530612244897
59,10,punt,0.8367346938775511
59,11,go_for_it,0.0625
59,11,punt,0.9375
59,12,go_for_it,0.19047619047619047
59,12,punt,0.8095238095238095
59,13,go_for_it,0.1
59,13,punt,0.9
59,14,punt,1
59,15,go_for_it,0.05263157894736842
59,15,punt,0.9473684210526315
59,16,go_for_it,0.125
59,16,punt,0.875
59,17,go_for_it,0.2
59,17,punt,0.8
59,18,punt,1
59,19,punt,1
59,20,punt,1
59,21,punt,1
59,22,go_for_it,0.6666666666666666
59,22,punt,0.3333333333333333
59,23,go_for_it,0.5
59,23,punt,0.5
59,24,punt,1
59,25,punt,1
59,26,punt,1
59,29,punt,1
59,31,punt,1
60,1,go_for_it,0.3380281690140845
60,1,punt,0.6619718309859155
60,2,go_for_it,0.22
60,2,punt,0.78
60,3,go_for_it,0.16666666666666666
60,3,punt,0.8333333333333334
60,4,go_for_it,0.11904761904761904
60,4,punt,0.8809523809523809
60,5,go_for_it,0.20754716981132076
60,5,punt,0.7924528301886793
60,6,go_for_it,0.09523809523809523
60,6,punt,0.9047619047619048
60,7,go_for_it,0.015625
60,7,punt,0.984375
60,8,go_for_it,0.14285714285714285
60,8,punt,0.8571428571428571
60,9,go_for_it,0.05714285714285714
60,9,punt,0.9428571428571428
60,10,go_for_it,0.1791044776119403
60,10,punt,0.8208955223880597
60,11,go_for_it,0.1111111111111111
60,11,punt,0.8888888888888888
60,12,go_for_it,0.04
60,12,punt,0.96
60,13,go_for_it,0.15789473684210525
60,13,punt,0.8421052631578947
60,14,go_for_it,0.07692307692307693
60,14,punt,0.9230769230769231
60,15,go_for_it,0.17391304347826086
60,15,punt,0.8260869565217391
60,16,go_for_it,0.4
60,16,punt,0.6
60,17,go_for_it,0.08333333333333333
60,17,punt,0.9166666666666666
60,18,go_for_it,0.21428571428571427
60,18,punt,0.7857142857142857
60,19,go_for_it,0.125
60,19,punt,0.875
60,20,go_for_it,0.375
60,20,punt,0.625
60,21,go_for_it,0.16666666666666666
60,21,punt,0.8333333333333334
60,22,punt,1
60,23,punt,1
60,24,punt,1
60,25,punt,1
60,26,punt,1
60,27,punt,1
60,28,punt,1
60,30,punt,1
60,34,punt,1
60,41,punt,1
61,1,go_for_it,0.5
61,1,punt,0.5
61,2,go_for_it,0.21428571428571427
61,2,punt,0.7857142857142857
61,3,go_for_it,0.2391304347826087
61,3,punt,0.7608695652173914
61,4,go_for_it,0.16666666666666666
61,4,punt,0.8333333333333334
61,5,go_for_it,0.1388888888888889
61,5,punt,0.8611111111111112
61,6,go_for_it,0.02040816326530612
61,6,punt,0.9795918367346939
61,7,go_for_it,0.1
61,7,punt,0.9
61,8,go_for_it,0.058823529411764705
61,8,punt,0.9411764705882353
61,9,go_for_it,0.06666666666666667
61,9,punt,0.9333333333333333
61,10,go_for_it,0.0851063829787234
61,10,punt,0.9148936170212766
61,11,go_for_it,0.045454545454545456
61,11,punt,0.9545454545454546
61,12,go_for_it,0.1
61,12,punt,0.9
61,13,go_for_it,0.04
61,13,punt,0.96
61,14,go_for_it,0.25
61,14,punt,0.75
61,15,go_for_it,0.07142857142857142
61,15,punt,0.9285714285714286
61,16,punt,1
61,17,go_for_it,0.1
61,17,punt,0.9
61,18,punt,1
61,19,go_for_it,0.2222222222222222
61,19,punt,0.7777777777777778
61,20,punt,1
61,21,punt,1
61,22,go_for_it,0.14285714285714285
61,22,punt,0.8571428571428571
61,23,punt,1
61,24,punt,1
61,25,punt,1
61,26,punt,1
61,27,punt,1
61,28,punt,1
61,33,punt,1
62,1,go_for_it,0.34375
62,1,punt,0.65625
62,2,go_for_it,0.10144927536231885
62,2,punt,0.8985507246376812
62,3,go_for_it,0.23809523809523808
62,3,punt,0.7619047619047619
62,4,go_for_it,0.14814814814814814
62,4,punt,0.8518518518518519
62,5,go_for_it,0.06818181818181818
62,5,punt,0.9318181818181818
62,6,go_for_it,0.037037037037037035
62,6,punt,0.9629629629629629
62,7,go_for_it,0.057692307692307696
62,7,punt,0.9423076923076923
62,8,go_for_it,0.18181818181818182
62,8,punt,0.8181818181818182
62,9,go_for_it,0.14285714285714285
62,9,punt,0.8571428571428571
62,10,go_for_it,0.11627906976744186
62,10,punt,0.8837209302325582
62,11,go_for_it,0.10344827586206896
62,11,punt,0.896551724137931
62,12,go_for_it,0.07692307692307693
62,12,punt,0.9230769230769231
62,13,go_for_it,0.125
62,13,punt,0.875
62,14,go_for_it,0.13333333333333333
62,14,punt,0.8666666666666667
62,15,go_for_it,0.09523809523809523
62,15,punt,0.9047619047619048
62,16,go_for_it,0.07692307692307693
62,16,punt,0.9230769230769231
62,17,punt,1
62,18,punt,1
62,19,punt,1
62,20,go_for_it,0.25
62,20,punt,0.75
62,21,punt,1
62,22,punt,1
62,23,punt,1
62,24,go_for_it,0.6
62,24,punt,0.4
62,25,punt,1
62,26,punt,1
62,27,go_for_it,0.5
62,27,punt,0.5
62,28,punt,1
62,30,punt,1
62,32,punt,1
63,1,go_for_it,0.2857142857142857
63,1,punt,0.7142857142857143
63,2,go_for_it,0.10714285714285714
63,2,punt,0.8928571428571429
63,3,go_for_it,0.136986301369863
63,3,punt,0.863013698630137
63,4,go_for_it,0.18867924528301888
63,4,punt,0.8113207547169812
63,5,go_for_it,0.046511627906976744
63,5,punt,0.9534883720930233
63,6,go_for_it,0.03225806451612903
63,6,punt,0.967741935483871
63,7,go_for_it,0.03125
63,7,punt,0.96875
63,8,go_for_it,0.041666666666666664
63,8,punt,0.9583333333333334
63,9,go_for_it,0.10256410256410256
63,9,punt,0.8974358974358975
63,10,go_for_it,0.2553191489361702
63,10,punt,0.7446808510638298
63,11,go_for_it,0.05
63,11,punt,0.95
63,12,go_for_it,0.08
63,12,punt,0.92
63,13,punt,1
63,14,go_for_it,0.2
63,14,punt,0.8
63,15,go_for_it,0.14285714285714285
63,15,punt,0.8571428571428571
63,16,punt,1
63,17,punt,1
63,18,go_for_it,0.18181818181818182
63,18,punt,0.8181818181818182
63,19,go_for_it,0.125
63,19,punt,0.875
63,20,punt,1
63,21,go_for_it,0.3333333333333333
63,21,punt,0.6666666666666666
63,22,punt,1
63,23,go_for_it,0.3333333333333333
63,23,punt,0.6666666666666666
63,24,punt,1
63,25,punt,1
63,26,punt,1
63,27,go_for_it,0.5
63,27,punt,0.5
63,29,punt,1
63,35,go_for_it,1
64,1,go_for_it,0.325
64,1,punt,0.675
64,2,go_for_it,0.11538461538461539
64,2,punt,0.8846153846153846
64,3,go_for_it,0.1935483870967742
64,3,punt,0.8064516129032258
64,4,go_for_it,0.15384615384615385
64,4,punt,0.8461538461538461
64,5,go_for_it,0.05660377358490566
64,5,punt,0.9433962264150944
64,6,go_for_it,0.08108108108108109
64,6,punt,0.918918918918919
64,7,go_for_it,0.09090909090909091
64,7,punt,0.9090909090909091
64,8,go_for_it,0.07142857142857142
64,8,punt,0.9285714285714286
64,9,go_for_it,0.04878048780487805
64,9,punt,0.9512195121951219
64,10,go_for_it,0.2222222222222222
64,10,punt,0.7777777777777778
64,11,go_for_it,0.043478260869565216
64,11,punt,0.9565217391304348
64,12,go_for_it,0.041666666666666664
64,12,punt,0.9583333333333334
64,13,go_for_it,0.058823529411764705
64,13,punt,0.9411764705882353
64,14,go_for_it,0.07142857142857142
64,14,punt,0.9285714285714286
64,15,go_for_it,0.07142857142857142
64,15,punt,0.9285714285714286
64,16,go_for_it,0.05555555555555555
64,16,punt,0.9444444444444444
64,17,punt,1
64,18,go_for_it,0.125
64,18,punt,0.875
64,19,punt,1
64,20,punt,1
64,21,go_for_it,0.3333333333333333
64,21,punt,0.6666666666666666
64,22,punt,1
64,23,punt,1
64,24,go_for_it,0.3333333333333333
64,24,punt,0.6666666666666666
64,26,punt,1
64,27,go_for_it,1
64,28,punt,1
64,31,punt,1
64,37,punt,1
65,1,go_for_it,0.38
65,1,punt,0.62
65,2,go_for_it,0.22857142857142856
65,2,punt,0.7714285714285715
65,3,go_for_it,0.12121212121212122
65,3,punt,0.8787878787878788
65,4,go_for_it,0.2777777777777778
65,4,punt,0.7222222222222222
65,5,go_for_it,0.15306122448979592
65,5,punt,0.8469387755102041
65,6,go_for_it,0.07142857142857142
65,6,punt,0.9285714285714286
65,7,go_for_it,0.05
65,7,punt,0.95
65,8,go_for_it,0.13157894736842105
65,8,punt,0.868421052631579
65,9,go_for_it,0.16666666666666666
65,9,punt,0.8333333333333334
65,10,go_for_it,0.10204081632653061
65,10,punt,0.8979591836734694
65,11,go_for_it,0.07142857142857142
65,11,punt,0.9285714285714286
65,12,punt,1
65,13,go_for_it,0.034482758620689655
65,13,punt,0.9655172413793104
65,14,go_for_it,0.16666666666666666
65,14,punt,0.8333333333333334
65,15,go_for_it,0.13333333333333333
65,15,punt,0.8666666666666667
65,16,go_for_it,0.05
65,16,punt,0.95
65,17,punt,1
65,18,go_for_it,0.08333333333333333
65,18,punt,0.9166666666666666
65,19,go_for_it,0.09090909090909091
65,19,punt,0.9090909090909091
65,20,go_for_it,0.16666666666666666
65,20,punt,0.8333333333333334
65,21,go_for_it,0.08333333333333333
65,21,punt,0.9166666666666666
65,22,go_for_it,0.5
65,22,punt,0.5
65,23,punt,1
65,24,punt,1
65,25,punt,1
65,29,punt,1
66,1,go_for_it,0.371824480369515
66,1,punt,0.628175519630485
66,2,go_for_it,0.1111111111111111
66,2,punt,0.8888888888888888
66,3,go_for_it,0.041666666666666664
66,3,punt,0.9583333333333334
66,4,go_for_it,0.11764705882352941
66,4,punt,0.8823529411764706
66,5,go_for_it,0.12
66,5,punt,0.88
66,6,go_for_it,0.06097560975609756
66,6,punt,0.9390243902439024
66,7,go_for_it,0.025
66,7,punt,0.975
66,8,go_for_it,0.1388888888888889
66,8,punt,0.8611111111111112
66,9,punt,1
66,10,go_for_it,0.21052631578947367
66,10,punt,0.7894736842105263
66,11,punt,1
66,12,go_for_it,0.1
66,12,punt,0.9
66,13,go_for_it,0.041666666666666664
66,13,punt,0.9583333333333334
66,14,go_for_it,0.06666666666666667
66,14,punt,0.9333333333333333
66,15,go_for_it,0.05263157894736842
66,15,punt,0.9473684210526315
66,16,punt,1
66,17,punt,1
66,18,go_for_it,0.1111111111111111
66,18,punt,0.8888888888888888
66,19,go_for_it,0.125
66,19,punt,0.875
66,20,punt,1
66,21,go_for_it,0.14285714285714285
66,21,punt,0.8571428571428571
66,22,punt,1
66,23,punt,1
66,24,punt,1
66,25,go_for_it,1
66,26,punt,1
66,27,punt,1
66,28,punt,1
67,1,go_for_it,0.3392857142857143
67,1,punt,0.6607142857142857
67,2,go_for_it,0.15602836879432624
67,2,punt,0.8439716312056738
67,3,go_for_it,0.02857142857142857
67,3,punt,0.9714285714285714
67,4,punt,1
67,5,go_for_it,0.125
67,5,punt,0.875
67,6,go_for_it,0.14285714285714285
67,6,punt,0.8571428571428571
67,7,go_for_it,0.05172413793103448
67,7,punt,0.9482758620689655
67,8,go_for_it,0.029411764705882353
67,8,punt,0.9705882352941176
67,9,go_for_it,0.16666666666666666
67,9,punt,0.8333333333333334
67,10,go_for_it,0.15625
67,10,punt,0.84375
67,11,go_for_it,0.16666666666666666
67,11,punt,0.8333333333333334
67,12,go_for_it,0.125
67,12,punt,0.875
67,13,go_for_it,0.08
67,13,punt,0.92
67,14,go_for_it,0.09523809523809523
67,14,punt,0.9047619047619048
67,15,go_for_it,0.13043478260869565
67,15,punt,0.8695652173913043
67,16,go_for_it,0.2
67,16,punt,0.8
67,17,punt,1
67,18,punt,1
67,19,punt,1
67,20,punt,1
67,21,go_for_it,0.25
67,21,punt,0.75
67,22,punt,1
67,23,punt,1
67,24,punt,1
67,25,punt,1
67,27,punt,1
67,28,punt,1
67,29,go_for_it,0.5
67,29,punt,0.5
67,30,punt,1
68,1,go_for_it,0.2571428571428571
68,1,punt,0.7428571428571429
68,2,go_for_it,0.12
68,2,punt,0.88
68,3,go_for_it,0.12681159420289856
68,3,punt,0.8731884057971014
68,4,go_for_it,0.05128205128205128
68,4,punt,0.9487179487179487
68,5,go_for_it,0.05714285714285714
68,5,punt,0.9428571428571428
68,6,go_for_it,0.15625
68,6,punt,0.84375
68,7,go_for_it,0.05555555555555555
68,7,punt,0.9444444444444444
68,8,go_for_it,0.06666666666666667
68,8,punt,0.9333333333333333
68,9,go_for_it,0.09375
68,9,punt,0.90625
68,10,go_for_it,0.2631578947368421
68,10,punt,0.7368421052631579
68,11,punt,1
68,12,punt,1
68,13,go_for_it,0.09090909090909091
68,13,punt,0.9090909090909091
68,14,go_for_it,0.034482758620689655
68,14,punt,0.9655172413793104
68,15,go_for_it,0.06666666666666667
68,15,punt,0.9333333333333333
68,16,punt,1
68,17,go_for_it,0.25
68,17,punt,0.75
68,18,go_for_it,0.2727272727272727
68,18,punt,0.7272727272727273
68,19,go_for_it,0.1
68,19,punt,0.9
68,20,go_for_it,0.14285714285714285
68,20,punt,0.8571428571428571
68,21,punt,1
68,22,punt,1
68,23,punt,1
68,24,punt,1
68,25,punt,1
68,26,punt,1
68,28,punt,1
68,29,go_for_it,1
68,30,punt,1
68,31,punt,1
68,32,go_for_it,1
69,1,go_for_it,0.30612244897959184
69,1,punt,0.6938775510204082
69,2,go_for_it,0.12
69,2,punt,0.88
69,3,go_for_it,0.09375
69,3,punt,0.90625
69,4,go_for_it,0.09022556390977443
69,4,punt,0.9097744360902256
69,5,go_for_it,0.09375
69,5,punt,0.90625
69,6,go_for_it,0.07142857142857142
69,6,punt,0.9285714285714286
69,7,go_for_it,0.20833333333333334
69,7,punt,0.7916666666666666
69,8,punt,1
69,9,go_for_it,0.020833333333333332
69,9,punt,0.9791666666666666
69,10,go_for_it,0.07692307692307693
69,10,punt,0.9230769230769231
69,11,punt,1
69,12,go_for_it,0.07692307692307693
69,12,punt,0.9230769230769231
69,13,go_for_it,0.08333333333333333
69,13,punt,0.9166666666666666
69,14,go_for_it,0.07692307692307693
69,14,punt,0.9230769230769231
69,15,go_for_it,0.14285714285714285
69,15,punt,0.8571428571428571
69,16,go_for_it,0.07692307692307693
69,16,punt,0.9230769230769231
69,17,go_for_it,0.06666666666666667
69,17,punt,0.9333333333333333
69,18,go_for_it,0.1
69,18,punt,0.9
69,19,go_for_it,0.25
69,19,punt,0.75
69,20,punt,1
69,21,punt,1
69,22,punt,1
69,23,go_for_it,0.25
69,23,punt,0.75
69,24,punt,1
69,25,punt,1
69,26,punt,1
69,27,punt,1
69,28,punt,1
69,29,punt,1
69,34,punt,1
69,36,go_for_it,1
69,37,punt,1
70,1,go_for_it,0.32786885245901637
70,1,punt,0.6721311475409836
70,2,go_for_it,0.17142857142857143
70,2,punt,0.8285714285714286
70,3,go_for_it,0.08823529411764706
70,3,punt,0.9117647058823529
70,4,go_for_it,0.09375
70,4,punt,0.90625
70,5,go_for_it,0.11986301369863013
70,5,punt,0.8801369863013698
70,6,go_for_it,0.1
70,6,punt,0.9
70,7,go_for_it,0.07407407407407407
70,7,punt,0.9259259259259259
70,8,punt,1
70,9,go_for_it,0.047619047619047616
70,9,punt,0.9523809523809523
70,10,go_for_it,0.07291666666666667
70,10,punt,0.9270833333333334
70,11,go_for_it,0.13333333333333333
70,11,punt,0.8666666666666667
70,12,punt,1
70,13,go_for_it,0.058823529411764705
70,13,punt,0.9411764705882353
70,14,punt,1
70,15,go_for_it,0.05263157894736842
70,15,punt,0.9473684210526315
70,16,punt,1
70,17,go_for_it,0.14285714285714285
70,17,punt,0.8571428571428571
70,18,go_for_it,0.3333333333333333
70,18,punt,0.6666666666666666
70,19,punt,1
70,20,punt,1
70,21,go_for_it,0.25
70,21,punt,0.75
70,22,punt,1
70,23,punt,1
70,24,punt,1
70,25,go_for_it,1
70,26,punt,1
70,27,punt,1
70,29,punt,1
70,33,punt,1
70,36,punt,1
70,43,go_for_it,1
71,1,go_for_it,0.20918367346938777
71,1,punt,0.7908163265306123
71,2,go_for_it,0.03225806451612903
71,2,punt,0.967741935483871
71,3,go_for_it,0.125
71,3,punt,0.875
71,4,go_for_it,0.17647058823529413
71,4,punt,0.8235294117647058
71,5,punt,1
71,6,go_for_it,0.04887218045112782
71,6,punt,0.9511278195488722
71,7,go_for_it,0.10714285714285714
71,7,punt,0.8928571428571429
71,8,go_for_it,0.08695652173913043
71,8,punt,0.9130434782608695
71,9,punt,1
71,10,go_for_it,0.19047619047619047
71,10,punt,0.8095238095238095
71,11,go_for_it,0.02702702702702703
71,11,punt,0.972972972972973
71,12,go_for_it,0.1
71,12,punt,0.9
71,13,punt,1
71,14,punt,1
71,15,punt,1
71,16,go_for_it,0.16666666666666666
71,16,punt,0.8333333333333334
71,17,punt,1
71,18,punt,1
71,19,go_for_it,0.1
71,19,punt,0.9
71,20,punt,1
71,21,go_for_it,0.1111111111111111
71,21,punt,0.8888888888888888
71,22,punt,1
71,23,punt,1
71,24,go_for_it,0.25
71,24,punt,0.75
71,25,punt,1
71,26,punt,1
71,27,punt,1
71,31,go_for_it,0.5
71,31,punt,0.5
71,32,punt,1
71,41,punt,1
72,1,go_for_it,0.21951219512195122
72,1,punt,0.7804878048780488
72,2,go_for_it,0.11382113821138211
72,2,punt,0.8861788617886179
72,3,go_for_it,0.08571428571428572
72,3,punt,0.9142857142857143
72,4,go_for_it,0.12903225806451613
72,4,punt,0.8709677419354839
72,5,go_for_it,0.029411764705882353
72,5,punt,0.9705882352941176
72,6,go_for_it,0.08108108108108109
72,6,punt,0.918918918918919
72,7,go_for_it,0.06153846153846154
72,7,punt,0.9384615384615385
72,8,go_for_it,0.037037037037037035
72,8,punt,0.9629629629629629
72,9,go_for_it,0.041666666666666664
72,9,punt,0.9583333333333334
72,10,go_for_it,0.12903225806451613
72,10,punt,0.8709677419354839
72,11,go_for_it,0.07142857142857142
72,11,punt,0.9285714285714286
72,12,go_for_it,0.05714285714285714
72,12,punt,0.9428571428571428
72,13,go_for_it,0.05555555555555555
72,13,punt,0.9444444444444444
72,14,go_for_it,0.06666666666666667
72,14,punt,0.9333333333333333
72,15,punt,1
72,16,punt,1
72,17,punt,1
72,18,go_for_it,0.08333333333333333
72,18,punt,0.9166666666666666
72,19,go_for_it,0.16666666666666666
72,19,punt,0.8333333333333334
72,20,punt,1
72,21,go_for_it,0.25
72,21,punt,0.75
72,22,punt,1
72,23,go_for_it,0.5
72,23,punt,0.5
72,24,punt,1
72,25,punt,1
72,26,punt,1
72,28,punt,1
72,29,punt,1
72,30,punt,1
72,31,punt,1
72,39,punt,1
73,1,go_for_it,0.2631578947368421
73,1,punt,0.7368421052631579
73,2,go_for_it,0.22727272727272727
73,2,punt,0.7727272727272727
73,3,go_for_it,0.1111111111111111
73,3,punt,0.8888888888888888
73,4,go_for_it,0.15151515151515152
73,4,punt,0.8484848484848485
73,5,go_for_it,0.03333333333333333
73,5,punt,0.9666666666666667
73,6,go_for_it,0.1388888888888889
73,6,punt,0.8611111111111112
73,7,go_for_it,0.03125
73,7,punt,0.96875
73,8,go_for_it,0.0391304347826087
73,8,punt,0.9608695652173913
73,9,go_for_it,0.10714285714285714
73,9,punt,0.8928571428571429
73,10,go_for_it,0.034482758620689655
73,10,punt,0.9655172413793104
73,11,punt,1
73,12,punt,1
73,13,go_for_it,0.03333333333333333
73,13,punt,0.9666666666666667
73,14,go_for_it,0.07142857142857142
73,14,punt,0.9285714285714286
73,15,go_for_it,0.25
73,15,punt,0.75
73,16,go_for_it,0.0625
73,16,punt,0.9375
73,17,punt,1
73,18,go_for_it,0.14285714285714285
73,18,punt,0.8571428571428571
73,19,go_for_it,0.07142857142857142
73,19,punt,0.9285714285714286
73,20,punt,1
73,21,go_for_it,0.25
73,21,punt,0.75
73,22,go_for_it,0.25
73,22,punt,0.75
73,23,go_for_it,0.3333333333333333
73,23,punt,0.6666666666666666
73,24,punt,1
73,25,punt,1
73,26,go_for_it,0.3333333333333333
73,26,punt,0.6666666666666666
73,29,punt,1
73,30,punt,1
73,31,punt,1
73,34,punt,1
74,1,go_for_it,0.27586206896551724
74,1,punt,0.7241379310344828
74,2,go_for_it,0.12
74,2,punt,0.88
74,3,go_for_it,0.08333333333333333
74,3,punt,0.9166666666666666
74,4,go_for_it,0.08064516129032258
74,4,punt,0.9193548387096774
74,5,go_for_it,0.10714285714285714
74,5,punt,0.8928571428571429
74,6,go_for_it,0.11538461538461539
74,6,punt,0.8846153846153846
74,7,go_for_it,0.12
74,7,punt,0.88
74,8,go_for_it,0.07692307692307693
74,8,punt,0.9230769230769231
74,9,go_for_it,0.05263157894736842
74,9,punt,0.9473684210526315
74,10,go_for_it,0.11538461538461539
74,10,punt,0.8846153846153846
74,11,go_for_it,0.0625
74,11,punt,0.9375
74,12,punt,1
74,13,punt,1
74,14,go_for_it,0.11538461538461539
74,14,punt,0.8846153846153846
74,15,go_for_it,0.07692307692307693
74,15,punt,0.9230769230769231
74,16,go_for_it,0.125
74,16,punt,0.875
74,17,go_for_it,0.16666666666666666
74,17,punt,0.8333333333333334
74,18,go_for_it,0.125
74,18,punt,0.875
74,19,punt,1
74,20,go_for_it,0.125
74,20,punt,0.875
74,21,punt,1
74,22,punt,1
74,23,punt,1
74,24,go_for_it,0.2
74,24,punt,0.8
74,25,go_for_it,0.3333333333333333
74,25,punt,0.6666666666666666
74,27,punt,1
74,28,punt,1
74,29,punt,1
74,41,punt,1
75,1,go_for_it,0.05
75,1,punt,0.95
75,2,go_for_it,0.1111111111111111
75,2,punt,0.8888888888888888
75,3,go_for_it,0.08333333333333333
75,3,punt,0.9166666666666666
75,4,go_for_it,0.03125
75,4,punt,0.96875
75,5,go_for_it,0.11278195488721804
75,5,punt,0.8872180451127819
75,6,go_for_it,0.07407407407407407
75,6,punt,0.9259259259259259
75,7,go_for_it,0.07407407407407407
75,7,punt,0.9259259259259259
75,8,go_for_it,0.05
75,8,punt,0.95
75,9,punt,1
75,10,go_for_it,0.08365019011406843
75,10,punt,0.9163498098859315
75,11,go_for_it,0.09523809523809523
75,11,punt,0.9047619047619048
75,12,go_for_it,0.05263157894736842
75,12,punt,0.9473684210526315
75,13,punt,1
75,14,go_for_it,0.14285714285714285
75,14,punt,0.8571428571428571
75,15,go_for_it,0.027777777777777776
75,15,punt,0.9722222222222222
75,16,go_for_it,0.1111111111111111
75,16,punt,0.8888888888888888
75,17,punt,1
75,18,punt,1
75,19,go_for_it,0.14285714285714285
75,19,punt,0.8571428571428571
75,20,punt,1
75,21,go_for_it,0.2222222222222222
75,21,punt,0.7777777777777778
75,22,punt,1
75,23,go_for_it,0.25
75,23,punt,0.75
75,24,punt,1
75,25,punt,1
75,26,go_for_it,0.3333333333333333
75,26,punt,0.6666666666666666
75,28,punt,1
75,31,go_for_it,1
75,32,punt,1
76,1,go_for_it,0.13157894736842105
76,1,punt,0.868421052631579
76,2,go_for_it,0.13043478260869565
76,2,punt,0.8695652173913043
76,3,go_for_it,0.10526315789473684
76,3,punt,0.8947368421052632
76,4,go_for_it,0.12
76,4,punt,0.88
76,5,go_for_it,0.06896551724137931
76,5,punt,0.9310344827586207
76,6,go_for_it,0.09166666666666666
76,6,punt,0.9083333333333333
76,7,go_for_it,0.08
76,7,punt,0.92
76,8,go_for_it,0.1
76,8,punt,0.9
76,9,punt,1
76,10,go_for_it,0.11428571428571428
76,10,punt,0.8857142857142857
76,11,go_for_it,0.07913669064748201
76,11,punt,0.920863309352518
76,12,go_for_it,0.045454545454545456
76,12,punt,0.9545454545454546
76,13,go_for_it,0.14285714285714285
76,13,punt,0.8571428571428571
76,14,go_for_it,0.125
76,14,punt,0.875
76,15,punt,1
76,16,punt,1
76,17,punt,1
76,18,punt,1
76,19,punt,1
76,20,go_for_it,0.16666666666666666
76,20,punt,0.8333333333333334
76,21,go_for_it,0.1111111111111111
76,21,punt,0.8888888888888888
76,22,punt,1
76,23,punt,1
76,24,punt,1
76,25,punt,1
76,26,punt,1
76,27,punt,1
76,29,punt,1
76,35,punt,1
77,1,go_for_it,0.22580645161290322
77,1,punt,0.7741935483870968
77,2,go_for_it,0.3333333333333333
77,2,punt,0.6666666666666666
77,3,punt,1
77,4,go_for_it,0.06666666666666667
77,4,punt,0.9333333333333333
77,5,go_for_it,0.10344827586206896
77,5,punt,0.896551724137931
77,6,go_for_it,0.14285714285714285
77,6,punt,0.8571428571428571
77,7,go_for_it,0.018018018018018018
77,7,punt,0.9819819819819819
77,8,go_for_it,0.07142857142857142
77,8,punt,0.9285714285714286
77,9,go_for_it,0.043478260869565216
77,9,punt,0.9565217391304348
77,10,go_for_it,0.16666666666666666
77,10,punt,0.8333333333333334
77,11,go_for_it,0.1
77,11,punt,0.9
77,12,go_for_it,0.04065040650406504
77,12,punt,0.959349593495935
77,13,go_for_it,0.058823529411764705
77,13,punt,0.9411764705882353
77,14,go_for_it,0.07692307692307693
77,14,punt,0.9230769230769231
77,15,punt,1
77,16,go_for_it,0.09090909090909091
77,16,punt,0.9090909090909091
77,17,go_for_it,0.1
77,17,punt,0.9
77,18,punt,1
77,19,go_for_it,0.125
77,19,punt,0.875
77,20,punt,1
77,21,punt,1
77,22,punt,1
77,23,punt,1
77,24,punt,1
77,25,punt,1
77,29,punt,1
77,39,punt,1
78,1,go_for_it,0.13793103448275862
78,1,punt,0.8620689655172413
78,2,go_for_it,0.045454545454545456
78,2,punt,0.9545454545454546
78,3,punt,1
78,4,go_for_it,0.17647058823529413
78,4,punt,0.8235294117647058
78,5,go_for_it,0.038461538461538464
78,5,punt,0.9615384615384616
78,6,go_for_it,0.1111111111111111
78,6,punt,0.8888888888888888
78,7,go_for_it,0.08695652173913043
78,7,punt,0.9130434782608695
78,8,go_for_it,0.061224489795918366
78,8,punt,0.9387755102040817
78,9,punt,1
78,10,go_for_it,0.09375
78,10,punt,0.90625
78,11,go_for_it,0.21052631578947367
78,11,punt,0.7894736842105263
78,12,punt,1
78,13,go_for_it,0.05434782608695652
78,13,punt,0.9456521739130435
78,14,go_for_it,0.25
78,14,punt,0.75
78,15,go_for_it,0.1111111111111111
78,15,punt,0.8888888888888888
78,16,go_for_it,0.09090909090909091
78,16,punt,0.9090909090909091
78,17,punt,1
78,18,punt,1
78,19,punt,1
78,20,go_for_it,0.09090909090909091
78,20,punt,0.9090909090909091
78,21,punt,1
78,23,go_for_it,0.25
78,23,punt,0.75
78,24,punt,1
78,25,punt,1
78,27,punt,1
78,28,punt,1
78,29,punt,1
78,30,punt,1
78,31,punt,1
79,1,go_for_it,0.06060606060606061
79,1,punt,0.9393939393939394
79,2,go_for_it,0.05555555555555555
79,2,punt,0.9444444444444444
79,3,go_for_it,0.09090909090909091
79,3,punt,0.9090909090909091
79,4,go_for_it,0.05
79,4,punt,0.95
79,5,punt,1
79,6,go_for_it,0.13043478260869565
79,6,punt,0.8695652173913043
79,7,punt,1
79,8,go_for_it,0.125
79,8,punt,0.875
79,9,go_for_it,0.06666666666666667
79,9,punt,0.9333333333333333
79,10,go_for_it,0.0625
79,10,punt,0.9375
79,11,punt,1
79,12,go_for_it,0.07142857142857142
79,12,punt,0.9285714285714286
79,13,punt,1
79,14,go_for_it,0.08620689655172414
79,14,punt,0.9137931034482759
79,15,go_for_it,0.08333333333333333
79,15,punt,0.9166666666666666
79,16,go_for_it,0.08333333333333333
79,16,punt,0.9166666666666666
79,17,punt,1
79,19,punt,1
79,20,punt,1
79,21,punt,1
79,22,punt,1
79,23,punt,1
79,24,punt,1
79,25,go_for_it,0.5
79,25,punt,0.5
79,28,punt,1
79,29,punt,1
80,1,go_for_it,0.15384615384615385
80,1,punt,0.8461538461538461
80,2,go_for_it,0.07142857142857142
80,2,punt,0.9285714285714286
80,3,go_for_it,0.06451612903225806
80,3,punt,0.9354838709677419
80,4,punt,1
80,5,go_for_it,0.14285714285714285
80,5,punt,0.8571428571428571
80,6,go_for_it,0.1111111111111111
80,6,punt,0.8888888888888888
80,7,go_for_it,0.125
80,7,punt,0.875
80,8,go_for_it,0.045454545454545456
80,8,punt,0.9545454545454546
80,9,punt,1
80,10,go_for_it,0.12
80,10,punt,0.88
80,11,go_for_it,0.06666666666666667
80,11,punt,0.9333333333333333
80,12,go_for_it,0.1875
80,12,punt,0.8125
80,13,punt,1
80,14,punt,1
80,15,go_for_it,0.07086614173228346
80,15,punt,0.9291338582677166
80,16,punt,1
80,17,punt,1
80,18,go_for_it,0.2
80,18,punt,0.8
80,19,go_for_it,0.14285714285714285
80,19,punt,0.8571428571428571
80,20,go_for_it,0.06666666666666667
80,20,punt,0.9333333333333333
80,21,punt,1
80,22,punt,1
80,23,punt,1
80,24,go_for_it,0.25
80,24,punt,0.75
80,25,punt,1
80,26,punt,1
80,27,punt,1
80,28,go_for_it,0.5
80,28,punt,0.5
80,29,punt,1
80,30,punt,1
81,1,go_for_it,0.27906976744186046
81,1,punt,0.7209302325581395
81,2,go_for_it,0.10526315789473684
81,2,punt,0.8947368421052632
81,3,go_for_it,0.07142857142857142
81,3,punt,0.9285714285714286
81,4,go_for_it,0.041666666666666664
81,4,punt,0.9583333333333334
81,5,go_for_it,0.058823529411764705
81,5,punt,0.9411764705882353
81,6,go_for_it,0.15789473684210525
81,6,punt,0.8421052631578947
81,7,go_for_it,0.0625
81,7,punt,0.9375
81,8,punt,1
81,9,go_for_it,0.1
81,9,punt,0.9
81,10,go_for_it,0.2222222222222222
81,10,punt,0.7777777777777778
81,11,go_for_it,0.038461538461538464
81,11,punt,0.9615384615384616
81,12,punt,1
81,13,go_for_it,0.125
81,13,punt,0.875
81,14,punt,1
81,15,go_for_it,0.14285714285714285
81,15,punt,0.8571428571428571
81,16,go_for_it,0.08045977011494253
81,16,punt,0.9195402298850575
81,17,go_for_it,0.25
81,17,punt,0.75
81,18,punt,1
81,19,punt,1
81,20,punt,1
81,21,go_for_it,0.5
81,21,punt,0.5
81,22,punt,1
81,23,punt,1
81,24,punt,1
81,25,punt,1
81,26,punt,1
81,28,punt,1
81,30,punt,1
81,31,go_for_it,0.5
81,31,punt,0.5
81,34,punt,1
81,36,punt,1
81,38,punt,1
82,1,go_for_it,0.16216216216216217
82,1,punt,0.8378378378378378
82,2,go_for_it,0.13636363636363635
82,2,punt,0.8636363636363636
82,3,go_for_it,0.2857142857142857
82,3,punt,0.7142857142857143
82,4,go_for_it,0.1875
82,4,punt,0.8125
82,5,go_for_it,0.10526315789473684
82,5,punt,0.8947368421052632
82,6,go_for_it,0.045454545454545456
82,6,punt,0.9545454545454546
82,7,punt,1
82,8,punt,1
82,9,punt,1
82,10,go_for_it,0.08695652173913043
82,10,punt,0.9130434782608695
82,11,punt,1
82,12,go_for_it,0.022222222222222223
82,12,punt,0.9777777777777777
82,13,go_for_it,0.125
82,13,punt,0.875
82,14,punt,1
82,15,go_for_it,0.0625
82,15,punt,0.9375
82,16,punt,1
82,17,go_for_it,0.09859154929577464
82,17,punt,0.9014084507042254
82,18,go_for_it,0.3333333333333333
82,18,punt,0.6666666666666666
82,19,go_for_it,0.14285714285714285
82,19,punt,0.8571428571428571
82,20,punt,1
82,21,punt,1
82,22,go_for_it,0.1
82,22,punt,0.9
82,23,punt,1
82,24,punt,1
82,25,punt,1
82,27,punt,1
82,29,go_for_it,1
82,31,punt,1
82,33,punt,1
82,34,punt,1
82,38,punt,1
83,1,go_for_it,0.10526315789473684
83,1,punt,0.8947368421052632
83,2,go_for_it,0.17647058823529413
83,2,punt,0.8235294117647058
83,3,punt,1
83,4,go_for_it,0.09090909090909091
83,4,punt,0.9090909090909091
83,5,go_for_it,0.125
83,5,punt,0.875
83,6,go_for_it,0.08695652173913043
83,6,punt,0.9130434782608695
83,7,go_for_it,0.047619047619047616
83,7,punt,0.9523809523809523
83,8,go_for_it,0.11764705882352941
83,8,punt,0.8823529411764706
83,9,go_for_it,0.11764705882352941
83,9,punt,0.8823529411764706
83,10,go_for_it,0.13043478260869565
83,10,punt,0.8695652173913043
83,11,go_for_it,0.1111111111111111
83,11,punt,0.8888888888888888
83,12,go_for_it,0.125
83,12,punt,0.875
83,13,go_for_it,0.09803921568627451
83,13,punt,0.9019607843137255
83,14,punt,1
83,15,go_for_it,0.18181818181818182
83,15,punt,0.8181818181818182
83,16,go_for_it,0.18181818181818182
83,16,punt,0.8181818181818182
83,17,punt,1
83,18,go_for_it,0.05
83,18,punt,0.95
83,19,go_for_it,0.125
83,19,punt,0.875
83,20,punt,1
83,21,punt,1
83,22,punt,1
83,23,punt,1
83,24,go_for_it,0.5
83,24,punt,0.5
83,26,punt,1
83,29,punt,1
83,31,punt,1
83,32,punt,1
84,1,go_for_it,0.07692307692307693
84,1,punt,0.9230769230769231
84,2,go_for_it,0.03571428571428571
84,2,punt,0.9642857142857143
84,3,punt,1
84,4,punt,1
84,5,go_for_it,0.07692307692307693
84,5,punt,0.9230769230769231
84,6,punt,1
84,7,go_for_it,0.1111111111111111
84,7,punt,0.8888888888888888
84,8,go_for_it,0.0625
84,8,punt,0.9375
84,9,go_for_it,0.045454545454545456
84,9,punt,0.9545454545454546
84,10,go_for_it,0.1
84,10,punt,0.9
84,11,go_for_it,0.09090909090909091
84,11,punt,0.9090909090909091
84,12,punt,1
84,13,punt,1
84,14,go_for_it,0.1111111111111111
84,14,punt,0.8888888888888888
84,15,go_for_it,0.2222222222222222
84,15,punt,0.7777777777777778
84,16,punt,1
84,17,go_for_it,0.2222222222222222
84,17,punt,0.7777777777777778
84,18,go_for_it,0.16666666666666666
84,18,punt,0.8333333333333334
84,19,go_for_it,0.11764705882352941
84,19,punt,0.8823529411764706
84,20,punt,1
84,21,punt,1
84,22,punt,1
84,23,punt,1
84,24,punt,1
84,25,punt,1
84,26,punt,1
84,27,punt,1
84,28,punt,1
84,29,punt,1
84,30,go_for_it,1
84,31,punt,1
84,35,punt,1
85,1,go_for_it,0.09523809523809523
85,1,punt,0.9047619047619048
85,2,go_for_it,0.07692307692307693
85,2,punt,0.9230769230769231
85,3,go_for_it,0.07692307692307693
85,3,punt,0.9230769230769231
85,4,go_for_it,0.15
85,4,punt,0.85
85,5,go_for_it,0.1
85,5,punt,0.9
85,6,punt,1
85,7,punt,1
85,8,punt,1
85,9,punt,1
85,10,go_for_it,0.03225806451612903
85,10,punt,0.967741935483871
85,11,go_for_it,0.058823529411764705
85,11,punt,0.9411764705882353
85,12,go_for_it,0.0625
85,12,punt,0.9375
85,13,punt,1
85,14,punt,1
85,15,go_for_it,0.02040816326530612
85,15,punt,0.9795918367346939
85,16,go_for_it,0.07692307692307693
85,16,punt,0.9230769230769231
85,17,go_for_it,0.08333333333333333
85,17,punt,0.9166666666666666
85,18,punt,1
85,19,go_for_it,0.25
85,19,punt,0.75
85,20,go_for_it,0.11428571428571428
85,20,punt,0.8857142857142857
85,22,punt,1
85,24,punt,1
85,25,punt,1
85,26,punt,1
85,27,punt,1
85,30,punt,1
85,31,punt,1
85,36,punt,1
86,1,punt,1
86,2,punt,1
86,3,go_for_it,0.2222222222222222
86,3,punt,0.7777777777777778
86,4,go_for_it,0.06666666666666667
86,4,punt,0.9333333333333333
86,5,go_for_it,0.043478260869565216
86,5,punt,0.9565217391304348
86,6,go_for_it,0.037037037037037035
86,6,punt,0.9629629629629629
86,7,go_for_it,0.058823529411764705
86,7,punt,0.9411764705882353
86,8,go_for_it,0.2
86,8,punt,0.8
86,9,go_for_it,0.09090909090909091
86,9,punt,0.9090909090909091
86,10,go_for_it,0.1
86,10,punt,0.9
86,11,punt,1
86,12,go_for_it,0.14285714285714285
86,12,punt,0.8571428571428571
86,13,punt,1
86,14,go_for_it,0.18181818181818182
86,14,punt,0.8181818181818182
86,15,go_for_it,0.1
86,15,punt,0.9
86,16,go_for_it,0.0851063829787234
86,16,punt,0.9148936170212766
86,17,go_for_it,0.1
86,17,punt,0.9
86,18,punt,1
86,19,go_for_it,0.09090909090909091
86,19,punt,0.9090909090909091
86,20,punt,1
86,21,go_for_it,0.027777777777777776
86,21,punt,0.9722222222222222
86,22,punt,1
86,23,punt,1
86,24,punt,1
86,25,punt,1
86,26,punt,1
86,27,go_for_it,0.5
86,27,punt,0.5
86,28,punt,1
86,29,punt,1
86,36,punt,1
87,1,punt,1
87,2,go_for_it,0.0625
87,2,punt,0.9375
87,3,go_for_it,0.4
87,3,punt,0.6
87,4,punt,1
87,5,go_for_it,0.17647058823529413
87,5,punt,0.8235294117647058
87,6,punt,1
87,7,go_for_it,0.08333333333333333
87,7,punt,0.9166666666666666
87,8,go_for_it,0.08333333333333333
87,8,punt,0.9166666666666666
87,9,go_for_it,0.25
87,9,punt,0.75
87,10,punt,1
87,11,punt,1
87,12,go_for_it,0.125
87,12,punt,0.875
87,13,punt,1
87,14,punt,1
87,15,punt,1
87,16,punt,1
87,17,go_for_it,0.0625
87,17,punt,0.9375
87,18,punt,1
87,19,go_for_it,0.1111111111111111
87,19,punt,0.8888888888888888
87,20,go_for_it,0.2
87,20,punt,0.8
87,21,punt,1
87,22,go_for_it,0.125
87,22,punt,0.875
87,23,punt,1
87,24,punt,1
87,25,punt,1
87,26,punt,1
87,28,punt,1
87,29,punt,1
87,32,punt,1
88,1,punt,1
88,2,punt,1
88,3,go_for_it,0.16666666666666666
88,3,punt,0.8333333333333334
88,4,go_for_it,0.13333333333333333
88,4,punt,0.8666666666666667
88,5,go_for_it,0.07692307692307693
88,5,punt,0.9230769230769231
88,6,punt,1
88,7,go_for_it,0.058823529411764705
88,7,punt,0.9411764705882353
88,8,go_for_it,0.0625
88,8,punt,0.9375
88,9,punt,1
88,10,go_for_it,0.13333333333333333
88,10,punt,0.8666666666666667
88,11,go_for_it,0.05555555555555555
88,11,punt,0.9444444444444444
88,12,punt,1
88,13,punt,1
88,14,punt,1
88,15,punt,1
88,16,punt,1
88,17,punt,1
88,18,punt,1
88,19,punt,1
88,20,punt,1
88,21,go_for_it,0.3333333333333333
88,21,punt,0.6666666666666666
88,22,punt,1
88,23,go_for_it,0.05263157894736842
88,23,punt,0.9473684210526315
88,24,punt,1
88,36,punt,1
88,39,punt,1
89,1,go_for_it,0.13333333333333333
89,1,punt,0.8666666666666667
89,2,punt,1
89,3,punt,1
89,4,go_for_it,0.15384615384615385
89,4,punt,0.8461538461538461
89,5,go_for_it,0.09090909090909091
89,5,punt,0.9090909090909091
89,6,go_for_it,0.07142857142857142
89,6,punt,0.9285714285714286
89,7,punt,1
89,8,punt,1
89,9,punt,1
89,10,punt,1
89,11,punt,1
89,12,go_for_it,0.09090909090909091
89,12,punt,0.9090909090909091
89,13,punt,1
89,14,go_for_it,0.2222222222222222
89,14,punt,0.7777777777777778
89,15,punt,1
89,16,go_for_it,0.125
89,16,punt,0.875
89,17,punt,1
89,18,punt,1
89,19,go_for_it,0.05555555555555555
89,19,punt,0.9444444444444444
89,20,punt,1
89,21,punt,1
89,22,go_for_it,0.25
89,22,punt,0.75
89,23,punt,1
89,24,go_for_it,0.09090909090909091
89,24,punt,0.9090909090909091
89,26,punt,1
89,31,punt,1
89,34,punt,1
89,35,punt,1
89,42,punt,1
90,1,go_for_it,0.3076923076923077
90,1,punt,0.6923076923076923
90,2,punt,1
90,3,punt,1
90,4,punt,1
90,5,punt,1
90,6,punt,1
90,7,punt,1
90,8,punt,1
90,9,go_for_it,0.08333333333333333
90,9,punt,0.9166666666666666
90,10,go_for_it,0.14285714285714285
90,10,punt,0.8571428571428571
90,11,go_for_it,0.13333333333333333
90,11,punt,0.8666666666666667
90,12,punt,1
90,13,punt,1
90,14,punt,1
90,15,go_for_it,0.07692307692307693
90,15,punt,0.9230769230769231
90,16,go_for_it,0.14285714285714285
90,16,punt,0.8571428571428571
90,17,punt,1
90,18,go_for_it,0.4
90,18,punt,0.6
90,19,go_for_it,0.16666666666666666
90,19,punt,0.8333333333333334
90,20,go_for_it,0.043478260869565216
90,20,punt,0.9565217391304348
90,21,punt,1
90,22,punt,1
90,23,go_for_it,0.3333333333333333
90,23,punt,0.6666666666666666
90,24,go_for_it,0.25
90,24,punt,0.75
90,25,go_for_it,0.14285714285714285
90,25,punt,0.8571428571428571
90,26,go_for_it,1
90,30,go_for_it,1
90,31,punt,1
91,2,go_for_it,0.14285714285714285
91,2,punt,0.8571428571428571
91,3,punt,1
91,4,go_for_it,0.14285714285714285
91,4,punt,0.8571428571428571
91,5,punt,1
91,6,go_for_it,0.1111111111111111
91,6,punt,0.8888888888888888
91,7,punt,1
91,8,punt,1
91,9,punt,1
91,10,go_for_it,0.09090909090909091
91,10,punt,0.9090909090909091
91,11,punt,1
91,12,punt,1
91,13,punt,1
91,14,go_for_it,0.25
91,14,punt,0.75
91,15,go_for_it,0.14285714285714285
91,15,punt,0.8571428571428571
91,16,punt,1
91,17,punt,1
91,18,punt,1
91,19,go_for_it,0.25
91,19,punt,0.75
91,20,punt,1
91,21,go_for_it,0.09090909090909091
91,21,punt,0.9090909090909091
91,22,punt,1
91,23,punt,1
91,24,punt,1
91,25,punt,1
91,26,go_for_it,0.3333333333333333
91,26,punt,0.6666666666666666
91,27,punt,1
91,28,punt,1
91,29,punt,1
91,34,punt,1
91,36,punt,1
91,39,punt,1
92,3,go_for_it,0.1111111111111111
92,3,punt,0.8888888888888888
92,4,punt,1
92,5,go_for_it,0.16666666666666666
92,5,punt,0.8333333333333334
92,6,punt,1
92,7,go_for_it,0.16666666666666666
92,7,punt,0.8333333333333334
92,8,punt,1
92,9,punt,1
92,10,go_for_it,0.07692307692307693
92,10,punt,0.9230769230769231
92,11,go_for_it,0.16666666666666666
92,11,punt,0.8333333333333334
92,12,go_for_it,0.16666666666666666
92,12,punt,0.8333333333333334
92,13,punt,1
92,14,punt,1
92,15,punt,1
92,16,go_for_it,0.5
92,16,punt,0.5
92,17,punt,1
92,18,go_for_it,0.14285714285714285
92,18,punt,0.8571428571428571
92,19,go_for_it,0.25
92,19,punt,0.75
92,20,punt,1
92,21,punt,1
92,22,punt,1
92,24,go_for_it,0.25
92,24,punt,0.75
92,25,go_for_it,0.3333333333333333
92,25,punt,0.6666666666666666
92,27,punt,1
92,28,punt,1
93,4,go_for_it,0.2222222222222222
93,4,punt,0.7777777777777778
93,5,punt,1
93,6,punt,1
93,7,punt,1
93,8,punt,1
93,9,punt,1
93,10,go_for_it,0.09090909090909091
93,10,punt,0.9090909090909091
93,11,punt,1
93,12,punt,1
93,13,punt,1
93,14,punt,1
93,15,punt,1
93,16,go_for_it,0.2
93,16,punt,0.8
93,17,punt,1
93,18,punt,1
93,19,punt,1
93,20,punt,1
93,21,punt,1
93,23,go_for_it,0.2222222222222222
93,23,punt,0.7777777777777778
93,25,punt,1
93,27,punt,1
93,28,go_for_it,0.16666666666666666
93,28,punt,0.8333333333333334
93,29,punt,1
93,34,punt,1
94,5,go_for_it,0.14285714285714285
94,5,punt,0.8571428571428571
94,6,go_for_it,0.08333333333333333
94,6,punt,0.9166666666666666
94,7,go_for_it,0.09090909090909091
94,7,punt,0.9090909090909091
94,8,punt,1
94,9,punt,1
94,10,go_for_it,0.1
94,10,punt,0.9
94,11,go_for_it,0.2
94,11,punt,0.8
94,12,punt,1
94,13,punt,1
94,14,punt,1
94,15,go_for_it,0.2
94,15,punt,0.8
94,16,go_for_it,0.2
94,16,punt,0.8
94,17,punt,1
94,18,punt,1
94,19,punt,1
94,20,punt,1
94,21,punt,1
94,23,punt,1
94,24,punt,1
94,26,punt,1
94,27,punt,1
94,28,punt,1
94,29,go_for_it,0.2
94,29,punt,0.8
94,31,punt,1
94,33,punt,1
95,6,punt,1
95,7,punt,1
95,8,go_for_it,0.09090909090909091
95,8,punt,0.9090909090909091
95,9,go_for_it,0.14285714285714285
95,9,punt,0.8571428571428571
95,10,go_for_it,0.1111111111111111
95,10,punt,0.8888888888888888
95,11,punt,1
95,12,punt,1
95,13,punt,1
95,14,punt,1
95,15,punt,1
95,16,go_for_it,0.3333333333333333
95,16,punt,0.6666666666666666
95,17,punt,1
95,18,punt,1
95,20,punt,1
95,21,punt,1
95,22,punt,1
95,23,punt,1
95,24,punt,1
95,25,punt,1
95,26,punt,1
95,28,punt,1
95,30,go_for_it,0.2
95,30,punt,0.8
95,31,punt,1
95,35,punt,1
96,7,go_for_it,0.125
96,7,punt,0.875
96,8,go_for_it,0.09090909090909091
96,8,punt,0.9090909090909091
96,9,go_for_it,0.125
96,9,punt,0.875
96,10,go_for_it,0.16666666666666666
96,10,punt,0.8333333333333334
96,11,punt,1
96,12,punt,1
96,13,punt,1
96,14,punt,1
96,15,punt,1
96,16,go_for_it,0.25
96,16,punt,0.75
96,17,go_for_it,0.25
96,17,punt,0.75
96,18,punt,1
96,19,go_for_it,0.25
96,19,punt,0.75
96,20,go_for_it,0.25
96,20,punt,0.75
96,22,punt,1
96,24,punt,1
96,26,punt,1
96,28,go_for_it,0.3333333333333333
96,28,punt,0.6666666666666666
96,29,go_for_it,1
97,8,go_for_it,0.2
97,8,punt,0.8
97,9,go_for_it,0.1
97,9,punt,0.9
97,10,go_for_it,0.14285714285714285
97,10,punt,0.8571428571428571
97,11,punt,1
97,12,punt,1
97,13,punt,1
97,14,go_for_it,0.5
97,14,punt,0.5
97,15,punt,1
97,16,punt,1
97,17,punt,1
97,18,punt,1
97,19,punt,1
97,21,go_for_it,1
97,22,punt,1
97,27,punt,1
97,30,punt,1
97,32,go_for_it,0.5
97,32,punt,0.5
97,35,punt,1
97,42,punt,1
98,9,punt,1
98,10,go_for_it,0.09090909090909091
98,10,punt,0.9090909090909091
98,11,punt,1
98,12,go_for_it,0.3333333333333333
98,12,punt,0.6666666666666666
98,13,punt,1
98,14,go_for_it,0.16666666666666666
98,14,punt,0.8333333333333334
98,15,punt,1
98,16,punt,1
98,17,punt,1
98,18,punt,1
98,19,punt,1
98,20,punt,1
98,21,punt,1
98,23,punt,1
98,25,punt,1
98,26,punt,1
98,28,go_for_it,0.5
98,28,punt,0.5
98,29,punt,1
98,30,punt,1
98,40,punt,1
99,10,punt,1
99,11,punt,1
99,12,punt,1
99,13,go_for_it,0.3333333333333333
99,13,punt,0.6666666666666666
99,15,punt,1
99,17,punt,1
99,18,go_for_it,0.3333333333333333
99,18,punt,0.6666666666666666
99,19,go_for_it,0.25
99,19,punt,0.75
99,20,punt,1
99,22,punt,1
99,23,punt,1
99,24,punt,1
99,29,punt,1
99,34,go_for_it,0.3333333333333333
99,34,punt,0.6666666666666666
